fecha,hora,partido,bookmaker_api,bookmaker_betano,pick,market_original,key,probabilidad,prob_num,cuota_api,ev_api,ev_api_num,cuota_betano,ev_betano,ev_betano_num,estado_api,estado_betano,confianza,fuente,razon,riesgo,betano_url
2026-09-03,13:45,Toulouse vs Lille,,,SHOTS_TOTAL OVER.18.5,SHOTS_TOTAL OVER.18.5,SHOTS_TOTAL:OVER_18_5,98.6%,0.985600,,,,,,,Sin cuota/EV,No encontrado en Betano,Alta,contexto premium torneo actual,usa promedios del contexto premium/API-Football,el volumen ofensivo puede variar por planteamiento y marcador temprano,
2026-09-03,13:45,Toulouse vs Lille,,,SHOTS_TOTAL OVER.20.5,SHOTS_TOTAL OVER.20.5,SHOTS_TOTAL:OVER_20_5,96.1%,0.961200,,,,,,,Sin cuota/EV,No encontrado en Betano,Alta,contexto premium torneo actual,usa promedios del contexto premium/API-Football,el volumen ofensivo puede variar por planteamiento y marcador temprano,
2026-09-03,13:45,Toulouse vs Lille,,,Visita corners -6.5,CORNERS_AWAY UNDER.6.5,CORNERS_AWAY:UNDER_6_5,91.4%,0.913700,,,,,,,Sin cuota/EV,No encontrado en Betano,Alta,contexto premium torneo actual,usa promedios del contexto premium/API-Football,el volumen ofensivo puede variar por planteamiento y marcador temprano,
2026-09-03,13:45,Toulouse vs Lille,,,SHOTS_TOTAL OVER.22.5,SHOTS_TOTAL OVER.22.5,SHOTS_TOTAL:OVER_22_5,91.3%,0.912700,,,,,,,Sin cuota/EV,No encontrado en Betano,Alta,contexto premium torneo actual,usa promedios del contexto premium/API-Football,el volumen ofensivo puede variar por planteamiento y marcador temprano,
2026-09-03,13:45,Toulouse vs Lille,,,Local goles -2.5,TEAM_TOTAL_HOME UNDER.2.5,TEAM_TOTAL_HOME:UNDER_2_5,90.4%,0.904400,,,,,,,Sin cuota/EV,No encontrado en Betano,Alta,torneo actual,usa Poisson base con estadisticas de goles del torneo,un gol temprano o baja eficacia puede cambiar la lectura del mercado,
2026-09-03,13:45,Toulouse vs Lille,,,Tarjetas total -6.5,CARDS_TOTALS UNDER.6.5,CARDS_TOTALS:UNDER_6_5,88.9%,0.889300,,,,,,,Sin cuota/EV,No encontrado en Betano,Alta,contexto premium torneo actual,usa promedios del contexto premium/API-Football,depende mucho del arbitro y del contexto competitivo,
2026-09-03,13:45,Toulouse vs Lille,,,Local tarjetas +0.5,CARDS_HOME OVER.0.5,CARDS_HOME:OVER_0_5,86.5%,0.864700,,,,,,,Sin cuota/EV,No encontrado en Betano,Alta,contexto premium torneo actual,usa promedios del contexto premium/API-Football,depende mucho del arbitro y del contexto competitivo,
2026-09-03,13:45,Toulouse vs Lille,,,Visita tarjetas +0.5,CARDS_AWAY OVER.0.5,CARDS_AWAY:OVER_0_5,86.5%,0.864700,,,,,,,Sin cuota/EV,No encontrado en Betano,Alta,contexto premium torneo actual,usa promedios del contexto premium/API-Football,depende mucho del arbitro y del contexto competitivo,
2026-09-03,13:45,Toulouse vs Lille,,,Visita goles +0.5,TEAM_TOTAL_AWAY OVER.0.5,TEAM_TOTAL_AWAY:OVER_0_5,86.4%,0.864400,,,,,,,Sin cuota/EV,No encontrado en Betano,Alta,torneo actual,usa Poisson base con estadisticas de goles del torneo,un gol temprano o baja eficacia puede cambiar la lectura del mercado,
2026-09-03,13:45,Toulouse vs Lille,,,Local tarjetas -3.5,CARDS_HOME UNDER.3.5,CARDS_HOME:UNDER_3_5,85.7%,0.857100,,,,,,,Sin cuota/EV,No encontrado en Betano,Alta,contexto premium torneo actual,usa promedios del contexto premium/API-Football,depende mucho del arbitro y del contexto competitivo,
2026-09-03,13:45,Toulouse vs Lille,,,Visita tarjetas -3.5,CARDS_AWAY UNDER.3.5,CARDS_AWAY:UNDER_3_5,85.7%,0.857100,,,,,,,Sin cuota/EV,No encontrado en Betano,Alta,contexto premium torneo actual,usa promedios del contexto premium/API-Football,depende mucho del arbitro y del contexto competitivo,
2026-09-03,13:45,Toulouse vs Lille,,,SHOTS_TOTAL OVER.24.5,SHOTS_TOTAL OVER.24.5,SHOTS_TOTAL:OVER_24_5,83.2%,0.831800,,,,,,,Sin cuota/EV,No encontrado en Betano,Alta,contexto premium torneo actual,usa promedios del contexto premium/API-Football,el volumen ofensivo puede variar por planteamiento y marcador temprano,
2026-09-03,13:45,Toulouse vs Lille,,,Visita corners -5.5,CORNERS_AWAY UNDER.5.5,CORNERS_AWAY:UNDER_5_5,82.3%,0.822900,,,,,,,Sin cuota/EV,No encontrado en Betano,Alta,contexto premium torneo actual,usa promedios del contexto premium/API-Football,el volumen ofensivo puede variar por planteamiento y marcador temprano,
2026-09-03,13:45,Toulouse vs Lille,,,Goles +1.5,TOTALS OVER.1.5,TOTALS:OVER_1_5,81.2%,0.812200,,,,,,,Sin cuota/EV,No encontrado en Betano,Alta,torneo actual,usa Poisson base con estadisticas de goles del torneo,un gol temprano o baja eficacia puede cambiar la lectura del mercado,
2026-09-03,13:45,Toulouse vs Lille,,,Corners total -11.5,CORNERS_TOTALS UNDER.11.5,CORNERS_TOTALS:UNDER_11_5,80.3%,0.803000,,,,,,,Sin cuota/EV,No encontrado en Betano,Alta,contexto premium torneo actual,usa promedios del contexto premium/API-Football,el volumen ofensivo puede variar por planteamiento y marcador temprano,
2026-09-03,13:45,Toulouse vs Lille,,,DOUBLE_CHANCE X2,DOUBLE_CHANCE X2,DOUBLE_CHANCE:X2,80.0%,0.800400,,,,,,,Sin cuota/EV,No encontrado en Betano,Alta,torneo actual,usa Poisson base con estadisticas de goles del torneo,riesgo propio del resultado final y variacion del modelo,
2026-09-03,13:45,Toulouse vs Lille,,,DOUBLE_CHANCE 12,DOUBLE_CHANCE 12,DOUBLE_CHANCE:12,78.6%,0.786300,,,,,,,Sin cuota/EV,No encontrado en Betano,Alta,torneo actual,usa Poisson base con estadisticas de goles del torneo,riesgo propio del resultado final y variacion del modelo,
2026-09-03,13:45,Toulouse vs Lille,,,Tarjetas total -5.5,CARDS_TOTALS UNDER.5.5,CARDS_TOTALS:UNDER_5_5,78.5%,0.785100,,,,,,,Sin cuota/EV,No encontrado en Betano,Alta,contexto premium torneo actual,usa promedios del contexto premium/API-Football,depende mucho del arbitro y del contexto competitivo,
2026-09-03,13:45,Toulouse vs Lille,,,Local corners +3.5,CORNERS_HOME OVER.3.5,CORNERS_HOME:OVER_3_5,76.8%,0.768300,,,,,,,Sin cuota/EV,No encontrado en Betano,Alta,contexto premium torneo actual,usa promedios del contexto premium/API-Football,el volumen ofensivo puede variar por planteamiento y marcador temprano,
2026-09-03,13:45,Toulouse vs Lille,,,Tarjetas total +2.5,CARDS_TOTALS OVER.2.5,CARDS_TOTALS:OVER_2_5,76.2%,0.761900,,,,,,,Sin cuota/EV,No encontrado en Betano,Alta,contexto premium torneo actual,usa promedios del contexto premium/API-Football,depende mucho del arbitro y del contexto competitivo,
2026-09-03,13:45,Toulouse vs Lille,,,DNB visita,DRAW_NO_BET AWAY,DRAW_NO_BET:AWAY,74.6%,0.746100,,,,,,,Sin cuota/EV,No encontrado en Betano,Alta,torneo actual,usa Poisson base con estadisticas de goles del torneo,riesgo propio del resultado final y variacion del modelo,
2026-09-03,13:45,Toulouse vs Lille,,,Local corners -6.5,CORNERS_HOME UNDER.6.5,CORNERS_HOME:UNDER_6_5,72.5%,0.724800,,,,,,,Sin cuota/EV,No encontrado en Betano,Alta,contexto premium torneo actual,usa promedios del contexto premium/API-Football,el volumen ofensivo puede variar por planteamiento y marcador temprano,
2026-09-03,13:45,Toulouse vs Lille,,,SHOTS_TOTAL OVER.26.5,SHOTS_TOTAL OVER.26.5,SHOTS_TOTAL:OVER_26_5,71.8%,0.717700,,,,,,,Sin cuota/EV,No encontrado en Betano,Alta,contexto premium torneo actual,usa promedios del contexto premium/API-Football,el volumen ofensivo puede variar por planteamiento y marcador temprano,
2026-09-03,13:45,Toulouse vs Lille,,,SHOTS_ON_TARGET_TOTAL UNDER.9.5,SHOTS_ON_TARGET_TOTAL UNDER.9.5,SHOTS_ON_TARGET_TOTAL:UNDER_9_5,71.7%,0.716600,,,,,,,Sin cuota/EV,No encontrado en Betano,Alta,contexto premium torneo actual,usa promedios del contexto premium/API-Football,el volumen ofensivo puede variar por planteamiento y marcador temprano,
2026-09-03,13:45,Toulouse vs Lille,,,1T +0.5,FIRST_HALF_TOTALS OVER.0.5,FIRST_HALF_TOTALS:OVER_0_5,71.4%,0.713500,,,,,,,Sin cuota/EV,No encontrado en Betano,Alta,contexto premium torneo actual,usa promedios del contexto premium/API-Football,el primer tiempo puede tener ritmo bajo o rotaciones,
2026-09-03,13:45,Toulouse vs Lille,,,Local goles -1.5,TEAM_TOTAL_HOME UNDER.1.5,TEAM_TOTAL_HOME:UNDER_1_5,70.6%,0.706400,,,,,,,Sin cuota/EV,No encontrado en Betano,Alta,torneo actual,usa Poisson base con estadisticas de goles del torneo,un gol temprano o baja eficacia puede cambiar la lectura del mercado,
2026-09-03,13:45,Toulouse vs Lille,,,Corners total -10.5,CORNERS_TOTALS UNDER.10.5,CORNERS_TOTALS:UNDER_10_5,70.6%,0.706000,,,,,,,Sin cuota/EV,No encontrado en Betano,Alta,contexto premium torneo actual,usa promedios del contexto premium/API-Football,el volumen ofensivo puede variar por planteamiento y marcador temprano,
2026-09-03,13:45,Toulouse vs Lille,,,SHOTS_ON_TARGET_TOTAL OVER.6.5,SHOTS_ON_TARGET_TOTAL OVER.6.5,SHOTS_ON_TARGET_TOTAL:OVER_6_5,68.7%,0.686600,,,,,,,Sin cuota/EV,No encontrado en Betano,Media,contexto premium torneo actual,usa promedios del contexto premium/API-Football,el volumen ofensivo puede variar por planteamiento y marcador temprano,
2026-09-03,13:45,Toulouse vs Lille,,,Visita corners -4.5,CORNERS_AWAY UNDER.4.5,CORNERS_AWAY:UNDER_4_5,67.8%,0.677500,,,,,,,Sin cuota/EV,No encontrado en Betano,Media,contexto premium torneo actual,usa promedios del contexto premium/API-Football,el volumen ofensivo puede variar por planteamiento y marcador temprano,
2026-09-03,13:45,Toulouse vs Lille,,,Visita goles -2.5,TEAM_TOTAL_AWAY UNDER.2.5,TEAM_TOTAL_AWAY:UNDER_2_5,67.7%,0.676900,,,,,,,Sin cuota/EV,No encontrado en Betano,Media,torneo actual,usa Poisson base con estadisticas de goles del torneo,un gol temprano o baja eficacia puede cambiar la lectura del mercado,
2026-09-03,13:45,Toulouse vs Lille,,,Local tarjetas -2.5,CARDS_HOME UNDER.2.5,CARDS_HOME:UNDER_2_5,67.7%,0.676700,,,,,,,Sin cuota/EV,No encontrado en Betano,Media,contexto premium torneo actual,usa promedios del contexto premium/API-Football,depende mucho del arbitro y del contexto competitivo,
2026-09-03,13:45,Toulouse vs Lille,,,Visita tarjetas -2.5,CARDS_AWAY UNDER.2.5,CARDS_AWAY:UNDER_2_5,67.7%,0.676700,,,,,,,Sin cuota/EV,No encontrado en Betano,Media,contexto premium torneo actual,usa promedios del contexto premium/API-Football,depende mucho del arbitro y del contexto competitivo,
2026-09-03,13:45,Toulouse vs Lille,,,Corners total +7.5,CORNERS_TOTALS OVER.7.5,CORNERS_TOTALS:OVER_7_5,67.6%,0.676100,,,,,,,Sin cuota/EV,No encontrado en Betano,Media,contexto premium torneo actual,usa promedios del contexto premium/API-Football,el volumen ofensivo puede variar por planteamiento y marcador temprano,
2026-09-03,13:45,Toulouse vs Lille,,,Local goles +0.5,TEAM_TOTAL_HOME OVER.0.5,TEAM_TOTAL_HOME:OVER_0_5,66.0%,0.660200,,,,,,,Sin cuota/EV,No encontrado en Betano,Media,torneo actual,usa Poisson base con estadisticas de goles del torneo,un gol temprano o baja eficacia puede cambiar la lectura del mercado,
2026-09-03,13:45,Toulouse vs Lille,,,1T -1.5,FIRST_HALF_TOTALS UNDER.1.5,FIRST_HALF_TOTALS:UNDER_1_5,64.5%,0.644600,,,,,,,Sin cuota/EV,No encontrado en Betano,Media,contexto premium torneo actual,usa promedios del contexto premium/API-Football,el primer tiempo puede tener ritmo bajo o rotaciones,
2026-09-03,13:45,Toulouse vs Lille,,,Goles -3.5,TOTALS UNDER.3.5,TOTALS:UNDER_3_5,63.0%,0.629600,,,,,,,Sin cuota/EV,No encontrado en Betano,Media,torneo actual,usa Poisson base con estadisticas de goles del torneo,un gol temprano o baja eficacia puede cambiar la lectura del mercado,
2026-09-03,13:45,Toulouse vs Lille,,,Tarjetas total -4.5,CARDS_TOTALS UNDER.4.5,CARDS_TOTALS:UNDER_4_5,62.9%,0.628800,,,,,,,Sin cuota/EV,No encontrado en Betano,Media,contexto premium torneo actual,usa promedios del contexto premium/API-Football,depende mucho del arbitro y del contexto competitivo,
2026-09-03,13:45,Toulouse vs Lille,,,Local corners +4.5,CORNERS_HOME OVER.4.5,CORNERS_HOME:OVER_4_5,60.2%,0.602200,,,,,,,Sin cuota/EV,No encontrado en Betano,Media,contexto premium torneo actual,usa promedios del contexto premium/API-Football,el volumen ofensivo puede variar por planteamiento y marcador temprano,
2026-09-03,13:45,Toulouse vs Lille,,,Goles +2.5,TOTALS OVER.2.5,TOTALS:OVER_2_5,59.4%,0.594300,,,,,,,Sin cuota/EV,No encontrado en Betano,Media,torneo actual,usa Poisson base con estadisticas de goles del torneo,un gol temprano o baja eficacia puede cambiar la lectura del mercado,
2026-09-03,13:45,Toulouse vs Lille,,,Local tarjetas +1.5,CARDS_HOME OVER.1.5,CARDS_HOME:OVER_1_5,59.4%,0.594000,,,,,,,Sin cuota/EV,No encontrado en Betano,Media,contexto premium torneo actual,usa promedios del contexto premium/API-Football,depende mucho del arbitro y del contexto competitivo,
2026-09-03,13:45,Toulouse vs Lille,,,Visita tarjetas +1.5,CARDS_AWAY OVER.1.5,CARDS_AWAY:OVER_1_5,59.4%,0.594000,,,,,,,Sin cuota/EV,No encontrado en Betano,Media,contexto premium torneo actual,usa promedios del contexto premium/API-Football,depende mucho del arbitro y del contexto competitivo,
2026-09-03,13:45,Toulouse vs Lille,,,Visita goles +1.5,TEAM_TOTAL_AWAY OVER.1.5,TEAM_TOTAL_AWAY:OVER_1_5,59.4%,0.593800,,,,,,,Sin cuota/EV,No encontrado en Betano,Media,torneo actual,usa Poisson base con estadisticas de goles del torneo,un gol temprano o baja eficacia puede cambiar la lectura del mercado,
2026-09-03,13:45,Toulouse vs Lille,,,SHOTS_ON_TARGET_TOTAL UNDER.8.5,SHOTS_ON_TARGET_TOTAL UNDER.8.5,SHOTS_ON_TARGET_TOTAL:UNDER_8_5,59.2%,0.592500,,,,,,,Sin cuota/EV,No encontrado en Betano,Media,contexto premium torneo actual,usa promedios del contexto premium/API-Football,el volumen ofensivo puede variar por planteamiento y marcador temprano,
2026-09-03,13:45,Toulouse vs Lille,,,Corners total -9.5,CORNERS_TOTALS UNDER.9.5,CORNERS_TOTALS:UNDER_9_5,58.7%,0.587400,,,,,,,Sin cuota/EV,No encontrado en Betano,Media,contexto premium torneo actual,usa promedios del contexto premium/API-Football,el volumen ofensivo puede variar por planteamiento y marcador temprano,
2026-09-03,13:45,Toulouse vs Lille,,,Gana visita,1X2 AWAY,1X2:AWAY,58.7%,0.586700,,,,,,,Sin cuota/EV,No encontrado en Betano,Media,torneo actual,usa Poisson base con estadisticas de goles del torneo,riesgo propio del resultado final y variacion del modelo,
2026-09-03,13:45,Toulouse vs Lille,,,Local corners -5.5,CORNERS_HOME UNDER.5.5,CORNERS_HOME:UNDER_5_5,57.2%,0.572200,,,,,,,Sin cuota/EV,No encontrado en Betano,Media,contexto premium torneo actual,usa promedios del contexto premium/API-Football,el volumen ofensivo puede variar por planteamiento y marcador temprano,
2026-09-03,13:45,Toulouse vs Lille,,,BTTS sí,BTTS YES,BTTS:YES,57.1%,0.570900,,,,,,,Sin cuota/EV,No encontrado en Betano,Media,torneo actual,usa Poisson base con estadisticas de goles del torneo,un gol temprano o baja eficacia puede cambiar la lectura del mercado,
2026-09-03,13:45,Toulouse vs Lille,,,Tarjetas total +3.5,CARDS_TOTALS OVER.3.5,CARDS_TOTALS:OVER_3_5,56.6%,0.566500,,,,,,,Sin cuota/EV,No encontrado en Betano,Media,contexto premium torneo actual,usa promedios del contexto premium/API-Football,depende mucho del arbitro y del contexto competitivo,
2026-09-03,13:45,Toulouse vs Lille,,,SHOTS_ON_TARGET_TOTAL OVER.7.5,SHOTS_ON_TARGET_TOTAL OVER.7.5,SHOTS_ON_TARGET_TOTAL:OVER_7_5,54.7%,0.547000,,,,,,,Sin cuota/EV,No encontrado en Betano,Baja,contexto premium torneo actual,usa promedios del contexto premium/API-Football,el volumen ofensivo puede variar por planteamiento y marcador temprano,
2026-09-03,13:45,Toulouse vs Lille,,,Corners total +8.5,CORNERS_TOTALS OVER.8.5,CORNERS_TOTALS:OVER_8_5,54.4%,0.544300,,,,,,,Sin cuota/EV,No encontrado en Betano,Baja,contexto premium torneo actual,usa promedios del contexto premium/API-Football,el volumen ofensivo puede variar por planteamiento y marcador temprano,
2026-09-03,13:45,Toulouse vs Lille,,,Visita corners +3.5,CORNERS_AWAY OVER.3.5,CORNERS_AWAY:OVER_3_5,51.6%,0.516200,,,,,,,Sin cuota/EV,No encontrado en Betano,Baja,contexto premium torneo actual,usa promedios del contexto premium/API-Football,el volumen ofensivo puede variar por planteamiento y marcador temprano,
2026-09-03,13:45,Toulouse vs Lille,,,Visita corners -3.5,CORNERS_AWAY UNDER.3.5,CORNERS_AWAY:UNDER_3_5,48.4%,0.483800,,,,,,,Sin cuota/EV,No encontrado en Betano,Baja,contexto premium torneo actual,usa promedios del contexto premium/API-Football,el volumen ofensivo puede variar por planteamiento y marcador temprano,
2026-09-03,13:45,Toulouse vs Lille,,,Corners total -8.5,CORNERS_TOTALS UNDER.8.5,CORNERS_TOTALS:UNDER_8_5,45.6%,0.455700,,,,,,,Sin cuota/EV,No encontrado en Betano,Baja,contexto premium torneo actual,usa promedios del contexto premium/API-Football,el volumen ofensivo puede variar por planteamiento y marcador temprano,
2026-09-03,13:45,Toulouse vs Lille,,,SHOTS_ON_TARGET_TOTAL UNDER.7.5,SHOTS_ON_TARGET_TOTAL UNDER.7.5,SHOTS_ON_TARGET_TOTAL:UNDER_7_5,45.3%,0.453000,,,,,,,Sin cuota/EV,No encontrado en Betano,Baja,contexto premium torneo actual,usa promedios del contexto premium/API-Football,el volumen ofensivo puede variar por planteamiento y marcador temprano,
2026-09-03,13:45,Toulouse vs Lille,,,Tarjetas total -3.5,CARDS_TOTALS UNDER.3.5,CARDS_TOTALS:UNDER_3_5,43.4%,0.433500,,,,,,,Sin cuota/EV,No encontrado en Betano,Baja,contexto premium torneo actual,usa promedios del contexto premium/API-Football,depende mucho del arbitro y del contexto competitivo,
2026-09-03,13:45,Toulouse vs Lille,,,BTTS no,BTTS NO,BTTS:NO,42.9%,0.429100,,,,,,,Sin cuota/EV,No encontrado en Betano,Baja,torneo actual,usa Poisson base con estadisticas de goles del torneo,un gol temprano o baja eficacia puede cambiar la lectura del mercado,
2026-09-03,13:45,Toulouse vs Lille,,,Local corners +5.5,CORNERS_HOME OVER.5.5,CORNERS_HOME:OVER_5_5,42.8%,0.427800,,,,,,,Sin cuota/EV,No encontrado en Betano,Baja,contexto premium torneo actual,usa promedios del contexto premium/API-Football,el volumen ofensivo puede variar por planteamiento y marcador temprano,
2026-09-03,13:45,Toulouse vs Lille,,,DOUBLE_CHANCE 1X,DOUBLE_CHANCE 1X,DOUBLE_CHANCE:1X,41.3%,0.413300,,,,,,,Sin cuota/EV,No encontrado en Betano,Baja,torneo actual,usa Poisson base con estadisticas de goles del torneo,riesgo propio del resultado final y variacion del modelo,
2026-09-03,13:45,Toulouse vs Lille,,,Corners total +9.5,CORNERS_TOTALS OVER.9.5,CORNERS_TOTALS:OVER_9_5,41.3%,0.412600,,,,,,,Sin cuota/EV,No encontrado en Betano,Baja,contexto premium torneo actual,usa promedios del contexto premium/API-Football,el volumen ofensivo puede variar por planteamiento y marcador temprano,
2026-09-03,13:45,Toulouse vs Lille,,,SHOTS_ON_TARGET_TOTAL OVER.8.5,SHOTS_ON_TARGET_TOTAL OVER.8.5,SHOTS_ON_TARGET_TOTAL:OVER_8_5,40.8%,0.407500,,,,,,,Sin cuota/EV,No encontrado en Betano,Baja,contexto premium torneo actual,usa promedios del contexto premium/API-Football,el volumen ofensivo puede variar por planteamiento y marcador temprano,
2026-09-03,13:45,Toulouse vs Lille,,,Visita goles -1.5,TEAM_TOTAL_AWAY UNDER.1.5,TEAM_TOTAL_AWAY:UNDER_1_5,40.6%,0.406200,,,,,,,Sin cuota/EV,No encontrado en Betano,Baja,torneo actual,usa Poisson base con estadisticas de goles del torneo,un gol temprano o baja eficacia puede cambiar la lectura del mercado,
2026-09-03,13:45,Toulouse vs Lille,,,Local tarjetas -1.5,CARDS_HOME UNDER.1.5,CARDS_HOME:UNDER_1_5,40.6%,0.406000,,,,,,,Sin cuota/EV,No encontrado en Betano,Baja,contexto premium torneo actual,usa promedios del contexto premium/API-Football,depende mucho del arbitro y del contexto competitivo,
2026-09-03,13:45,Toulouse vs Lille,,,Visita tarjetas -1.5,CARDS_AWAY UNDER.1.5,CARDS_AWAY:UNDER_1_5,40.6%,0.406000,,,,,,,Sin cuota/EV,No encontrado en Betano,Baja,contexto premium torneo actual,usa promedios del contexto premium/API-Football,depende mucho del arbitro y del contexto competitivo,
2026-09-03,13:45,Toulouse vs Lille,,,Goles -2.5,TOTALS UNDER.2.5,TOTALS:UNDER_2_5,40.6%,0.405700,,,,,,,Sin cuota/EV,No encontrado en Betano,Baja,torneo actual,usa Poisson base con estadisticas de goles del torneo,un gol temprano o baja eficacia puede cambiar la lectura del mercado,
2026-09-03,13:45,Toulouse vs Lille,,,Local corners -4.5,CORNERS_HOME UNDER.4.5,CORNERS_HOME:UNDER_4_5,39.8%,0.397800,,,,,,,Sin cuota/EV,No encontrado en Betano,Baja,contexto premium torneo actual,usa promedios del contexto premium/API-Football,el volumen ofensivo puede variar por planteamiento y marcador temprano,
2026-09-03,13:45,Toulouse vs Lille,,,Tarjetas total +4.5,CARDS_TOTALS OVER.4.5,CARDS_TOTALS:OVER_4_5,37.1%,0.371200,,,,,,,Sin cuota/EV,No encontrado en Betano,Baja,contexto premium torneo actual,usa promedios del contexto premium/API-Football,depende mucho del arbitro y del contexto competitivo,
2026-09-03,13:45,Toulouse vs Lille,,,Goles +3.5,TOTALS OVER.3.5,TOTALS:OVER_3_5,37.0%,0.370400,,,,,,,Sin cuota/EV,No encontrado en Betano,Baja,torneo actual,usa Poisson base con estadisticas de goles del torneo,un gol temprano o baja eficacia puede cambiar la lectura del mercado,
2026-09-03,13:45,Toulouse vs Lille,,,1T +1.5,FIRST_HALF_TOTALS OVER.1.5,FIRST_HALF_TOTALS:OVER_1_5,35.5%,0.355400,,,,,,,Sin cuota/EV,No encontrado en Betano,Baja,contexto premium torneo actual,usa promedios del contexto premium/API-Football,el primer tiempo puede tener ritmo bajo o rotaciones,
2026-09-03,13:45,Toulouse vs Lille,,,Local goles -0.5,TEAM_TOTAL_HOME UNDER.0.5,TEAM_TOTAL_HOME:UNDER_0_5,34.0%,0.339800,,,,,,,Sin cuota/EV,No encontrado en Betano,Baja,torneo actual,usa Poisson base con estadisticas de goles del torneo,un gol temprano o baja eficacia puede cambiar la lectura del mercado,
2026-09-03,13:45,Toulouse vs Lille,,,Corners total -7.5,CORNERS_TOTALS UNDER.7.5,CORNERS_TOTALS:UNDER_7_5,32.4%,0.323900,,,,,,,Sin cuota/EV,No encontrado en Betano,Baja,contexto premium torneo actual,usa promedios del contexto premium/API-Football,el volumen ofensivo puede variar por planteamiento y marcador temprano,
2026-09-03,13:45,Toulouse vs Lille,,,Local tarjetas +2.5,CARDS_HOME OVER.2.5,CARDS_HOME:OVER_2_5,32.3%,0.323300,,,,,,,Sin cuota/EV,No encontrado en Betano,Baja,contexto premium torneo actual,usa promedios del contexto premium/API-Football,depende mucho del arbitro y del contexto competitivo,
2026-09-03,13:45,Toulouse vs Lille,,,Visita tarjetas +2.5,CARDS_AWAY OVER.2.5,CARDS_AWAY:OVER_2_5,32.3%,0.323300,,,,,,,Sin cuota/EV,No encontrado en Betano,Baja,contexto premium torneo actual,usa promedios del contexto premium/API-Football,depende mucho del arbitro y del contexto competitivo,
2026-09-03,13:45,Toulouse vs Lille,,,Visita goles +2.5,TEAM_TOTAL_AWAY OVER.2.5,TEAM_TOTAL_AWAY:OVER_2_5,32.3%,0.323100,,,,,,,Sin cuota/EV,No encontrado en Betano,Baja,torneo actual,usa Poisson base con estadisticas de goles del torneo,un gol temprano o baja eficacia puede cambiar la lectura del mercado,
2026-09-03,13:45,Toulouse vs Lille,,,Visita corners +4.5,CORNERS_AWAY OVER.4.5,CORNERS_AWAY:OVER_4_5,32.2%,0.322500,,,,,,,Sin cuota/EV,No encontrado en Betano,Baja,contexto premium torneo actual,usa promedios del contexto premium/API-Football,el volumen ofensivo puede variar por planteamiento y marcador temprano,
2026-09-03,13:45,Toulouse vs Lille,,,SHOTS_ON_TARGET_TOTAL UNDER.6.5,SHOTS_ON_TARGET_TOTAL UNDER.6.5,SHOTS_ON_TARGET_TOTAL:UNDER_6_5,31.3%,0.313400,,,,,,,Sin cuota/EV,No encontrado en Betano,Baja,contexto premium torneo actual,usa promedios del contexto premium/API-Football,el volumen ofensivo puede variar por planteamiento y marcador temprano,
2026-09-03,13:45,Toulouse vs Lille,,,Corners total +10.5,CORNERS_TOTALS OVER.10.5,CORNERS_TOTALS:OVER_10_5,29.4%,0.294000,,,,,,,Sin cuota/EV,No encontrado en Betano,Baja,contexto premium torneo actual,usa promedios del contexto premium/API-Football,el volumen ofensivo puede variar por planteamiento y marcador temprano,
2026-09-03,13:45,Toulouse vs Lille,,,Local goles +1.5,TEAM_TOTAL_HOME OVER.1.5,TEAM_TOTAL_HOME:OVER_1_5,29.4%,0.293600,,,,,,,Sin cuota/EV,No encontrado en Betano,Baja,torneo actual,usa Poisson base con estadisticas de goles del torneo,un gol temprano o baja eficacia puede cambiar la lectura del mercado,
2026-09-03,13:45,Toulouse vs Lille,,,1T -0.5,FIRST_HALF_TOTALS UNDER.0.5,FIRST_HALF_TOTALS:UNDER_0_5,28.6%,0.286500,,,,,,,Sin cuota/EV,No encontrado en Betano,Baja,contexto premium torneo actual,usa promedios del contexto premium/API-Football,el primer tiempo puede tener ritmo bajo o rotaciones,
2026-09-03,13:45,Toulouse vs Lille,,,SHOTS_ON_TARGET_TOTAL OVER.9.5,SHOTS_ON_TARGET_TOTAL OVER.9.5,SHOTS_ON_TARGET_TOTAL:OVER_9_5,28.3%,0.283400,,,,,,,Sin cuota/EV,No encontrado en Betano,Baja,contexto premium torneo actual,usa promedios del contexto premium/API-Football,el volumen ofensivo puede variar por planteamiento y marcador temprano,
2026-09-03,13:45,Toulouse vs Lille,,,SHOTS_TOTAL UNDER.26.5,SHOTS_TOTAL UNDER.26.5,SHOTS_TOTAL:UNDER_26_5,28.2%,0.282300,,,,,,,Sin cuota/EV,No encontrado en Betano,Baja,contexto premium torneo actual,usa promedios del contexto premium/API-Football,el volumen ofensivo puede variar por planteamiento y marcador temprano,
2026-09-03,13:45,Toulouse vs Lille,,,Local corners +6.5,CORNERS_HOME OVER.6.5,CORNERS_HOME:OVER_6_5,27.5%,0.275200,,,,,,,Sin cuota/EV,No encontrado en Betano,Baja,contexto premium torneo actual,usa promedios del contexto premium/API-Football,el volumen ofensivo puede variar por planteamiento y marcador temprano,
2026-09-03,13:45,Toulouse vs Lille,,,DNB local,DRAW_NO_BET HOME,DRAW_NO_BET:HOME,25.4%,0.253900,,,,,,,Sin cuota/EV,No encontrado en Betano,Baja,torneo actual,usa Poisson base con estadisticas de goles del torneo,riesgo propio del resultado final y variacion del modelo,
2026-09-03,13:45,Toulouse vs Lille,,,Tarjetas total -2.5,CARDS_TOTALS UNDER.2.5,CARDS_TOTALS:UNDER_2_5,23.8%,0.238100,,,,,,,Sin cuota/EV,No encontrado en Betano,Baja,contexto premium torneo actual,usa promedios del contexto premium/API-Football,depende mucho del arbitro y del contexto competitivo,
2026-09-03,13:45,Toulouse vs Lille,,,Local corners -3.5,CORNERS_HOME UNDER.3.5,CORNERS_HOME:UNDER_3_5,23.2%,0.231700,,,,,,,Sin cuota/EV,No encontrado en Betano,Baja,contexto premium torneo actual,usa promedios del contexto premium/API-Football,el volumen ofensivo puede variar por planteamiento y marcador temprano,
2026-09-03,13:45,Toulouse vs Lille,,,Tarjetas total +5.5,CARDS_TOTALS OVER.5.5,CARDS_TOTALS:OVER_5_5,21.5%,0.214900,,,,,,,Sin cuota/EV,No encontrado en Betano,Baja,contexto premium torneo actual,usa promedios del contexto premium/API-Football,depende mucho del arbitro y del contexto competitivo,
2026-09-03,13:45,Toulouse vs Lille,,,Empate,1X2 DRAW,1X2:DRAW,21.4%,0.213700,,,,,,,Sin cuota/EV,No encontrado en Betano,Baja,torneo actual,usa Poisson base con estadisticas de goles del torneo,riesgo propio del resultado final y variacion del modelo,
2026-09-03,13:45,Toulouse vs Lille,,,Gana local,1X2 HOME,1X2:HOME,20.0%,0.199600,,,,,,,Sin cuota/EV,No encontrado en Betano,Baja,torneo actual,usa Poisson base con estadisticas de goles del torneo,riesgo propio del resultado final y variacion del modelo,
2026-09-03,13:45,Toulouse vs Lille,,,Corners total +11.5,CORNERS_TOTALS OVER.11.5,CORNERS_TOTALS:OVER_11_5,19.7%,0.197000,,,,,,,Sin cuota/EV,No encontrado en Betano,Baja,contexto premium torneo actual,usa promedios del contexto premium/API-Football,el volumen ofensivo puede variar por planteamiento y marcador temprano,
2026-09-03,13:45,Toulouse vs Lille,,,Goles -1.5,TOTALS UNDER.1.5,TOTALS:UNDER_1_5,18.8%,0.187800,,,,,,,Sin cuota/EV,No encontrado en Betano,Baja,torneo actual,usa Poisson base con estadisticas de goles del torneo,un gol temprano o baja eficacia puede cambiar la lectura del mercado,
2026-09-03,13:45,Toulouse vs Lille,,,Visita corners +5.5,CORNERS_AWAY OVER.5.5,CORNERS_AWAY:OVER_5_5,17.7%,0.177100,,,,,,,Sin cuota/EV,No encontrado en Betano,Baja,contexto premium torneo actual,usa promedios del contexto premium/API-Football,el volumen ofensivo puede variar por planteamiento y marcador temprano,
2026-09-03,13:45,Toulouse vs Lille,,,SHOTS_TOTAL UNDER.24.5,SHOTS_TOTAL UNDER.24.5,SHOTS_TOTAL:UNDER_24_5,16.8%,0.168200,,,,,,,Sin cuota/EV,No encontrado en Betano,Baja,contexto premium torneo actual,usa promedios del contexto premium/API-Football,el volumen ofensivo puede variar por planteamiento y marcador temprano,
2026-09-03,13:45,Toulouse vs Lille,,,Local tarjetas +3.5,CARDS_HOME OVER.3.5,CARDS_HOME:OVER_3_5,14.3%,0.142900,,,,,,,Sin cuota/EV,No encontrado en Betano,Baja,contexto premium torneo actual,usa promedios del contexto premium/API-Football,depende mucho del arbitro y del contexto competitivo,
2026-09-03,13:45,Toulouse vs Lille,,,Visita tarjetas +3.5,CARDS_AWAY OVER.3.5,CARDS_AWAY:OVER_3_5,14.3%,0.142900,,,,,,,Sin cuota/EV,No encontrado en Betano,Baja,contexto premium torneo actual,usa promedios del contexto premium/API-Football,depende mucho del arbitro y del contexto competitivo,
2026-09-03,13:45,Toulouse vs Lille,,,Visita goles -0.5,TEAM_TOTAL_AWAY UNDER.0.5,TEAM_TOTAL_AWAY:UNDER_0_5,13.6%,0.135600,,,,,,,Sin cuota/EV,No encontrado en Betano,Baja,torneo actual,usa Poisson base con estadisticas de goles del torneo,un gol temprano o baja eficacia puede cambiar la lectura del mercado,
2026-09-03,13:45,Toulouse vs Lille,,,Local tarjetas -0.5,CARDS_HOME UNDER.0.5,CARDS_HOME:UNDER_0_5,13.5%,0.135300,,,,,,,Sin cuota/EV,No encontrado en Betano,Baja,contexto premium torneo actual,usa promedios del contexto premium/API-Football,depende mucho del arbitro y del contexto competitivo,
2026-09-03,13:45,Toulouse vs Lille,,,Visita tarjetas -0.5,CARDS_AWAY UNDER.0.5,CARDS_AWAY:UNDER_0_5,13.5%,0.135300,,,,,,,Sin cuota/EV,No encontrado en Betano,Baja,contexto premium torneo actual,usa promedios del contexto premium/API-Football,depende mucho del arbitro y del contexto competitivo,
2026-09-03,13:45,Toulouse vs Lille,,,Tarjetas total +6.5,CARDS_TOTALS OVER.6.5,CARDS_TOTALS:OVER_6_5,11.1%,0.110700,,,,,,,Sin cuota/EV,No encontrado en Betano,Baja,contexto premium torneo actual,usa promedios del contexto premium/API-Football,depende mucho del arbitro y del contexto competitivo,
2026-09-03,13:45,Toulouse vs Lille,,,Local goles +2.5,TEAM_TOTAL_HOME OVER.2.5,TEAM_TOTAL_HOME:OVER_2_5,9.6%,0.095600,,,,,,,Sin cuota/EV,No encontrado en Betano,Baja,torneo actual,usa Poisson base con estadisticas de goles del torneo,un gol temprano o baja eficacia puede cambiar la lectura del mercado,
2026-09-03,13:45,Toulouse vs Lille,,,SHOTS_TOTAL UNDER.22.5,SHOTS_TOTAL UNDER.22.5,SHOTS_TOTAL:UNDER_22_5,8.7%,0.087300,,,,,,,Sin cuota/EV,No encontrado en Betano,Baja,contexto premium torneo actual,usa promedios del contexto premium/API-Football,el volumen ofensivo puede variar por planteamiento y marcador temprano,
2026-09-03,13:45,Toulouse vs Lille,,,Visita corners +6.5,CORNERS_AWAY OVER.6.5,CORNERS_AWAY:OVER_6_5,8.6%,0.086300,,,,,,,Sin cuota/EV,No encontrado en Betano,Baja,contexto premium torneo actual,usa promedios del contexto premium/API-Football,el volumen ofensivo puede variar por planteamiento y marcador temprano,
2026-09-03,13:45,Toulouse vs Lille,,,SHOTS_TOTAL UNDER.20.5,SHOTS_TOTAL UNDER.20.5,SHOTS_TOTAL:UNDER_20_5,3.9%,0.038800,,,,,,,Sin cuota/EV,No encontrado en Betano,Baja,contexto premium torneo actual,usa promedios del contexto premium/API-Football,el volumen ofensivo puede variar por planteamiento y marcador temprano,
2026-09-03,13:45,Toulouse vs Lille,,,SHOTS_TOTAL UNDER.18.5,SHOTS_TOTAL UNDER.18.5,SHOTS_TOTAL:UNDER_18_5,1.4%,0.014400,,,,,,,Sin cuota/EV,No encontrado en Betano,Baja,contexto premium torneo actual,usa promedios del contexto premium/API-Football,el volumen ofensivo puede variar por planteamiento y marcador temprano,
2026-09-03,14:00,Real Sociedad vs Celta Vigo,,,Visita tarjetas -3.5,CARDS_AWAY UNDER.3.5,CARDS_AWAY:UNDER_3_5,95.3%,0.953500,,,,,,,Sin cuota/EV,No encontrado en Betano,Alta,contexto premium torneo actual,usa promedios del contexto premium/API-Football,depende mucho del arbitro y del contexto competitivo,
2026-09-03,14:00,Real Sociedad vs Celta Vigo,,,Local tarjetas +0.5,CARDS_HOME OVER.0.5,CARDS_HOME:OVER_0_5,93.0%,0.930500,,,,,,,Sin cuota/EV,No encontrado en Betano,Alta,contexto premium torneo actual,usa promedios del contexto premium/API-Football,depende mucho del arbitro y del contexto competitivo,
2026-09-03,14:00,Real Sociedad vs Celta Vigo,,,Visita corners -6.5,CORNERS_AWAY UNDER.6.5,CORNERS_AWAY:UNDER_6_5,92.1%,0.921100,,,,,,,Sin cuota/EV,No encontrado en Betano,Alta,contexto premium torneo actual,usa promedios del contexto premium/API-Football,el volumen ofensivo puede variar por planteamiento y marcador temprano,
2026-09-03,14:00,Real Sociedad vs Celta Vigo,,,Tarjetas total -6.5,CARDS_TOTALS UNDER.6.5,CARDS_TOTALS:UNDER_6_5,88.9%,0.889300,,,,,,,Sin cuota/EV,No encontrado en Betano,Alta,contexto premium torneo actual,usa promedios del contexto premium/API-Football,depende mucho del arbitro y del contexto competitivo,
2026-09-03,14:00,Real Sociedad vs Celta Vigo,,,Visita goles -2.5,TEAM_TOTAL_AWAY UNDER.2.5,TEAM_TOTAL_AWAY:UNDER_2_5,88.7%,0.886600,,,,,,,Sin cuota/EV,No encontrado en Betano,Alta,torneo actual,usa Poisson base con estadisticas de goles del torneo,un gol temprano o baja eficacia puede cambiar la lectura del mercado,
2026-09-03,14:00,Real Sociedad vs Celta Vigo,,,Local goles -2.5,TEAM_TOTAL_HOME UNDER.2.5,TEAM_TOTAL_HOME:UNDER_2_5,86.6%,0.866200,,,,,,,Sin cuota/EV,No encontrado en Betano,Alta,torneo actual,usa Poisson base con estadisticas de goles del torneo,un gol temprano o baja eficacia puede cambiar la lectura del mercado,
2026-09-03,14:00,Real Sociedad vs Celta Vigo,,,SHOTS_TOTAL OVER.18.5,SHOTS_TOTAL OVER.18.5,SHOTS_TOTAL:OVER_18_5,85.7%,0.857400,,,,,,,Sin cuota/EV,No encontrado en Betano,Alta,contexto premium torneo actual,usa promedios del contexto premium/API-Football,el volumen ofensivo puede variar por planteamiento y marcador temprano,
2026-09-03,14:00,Real Sociedad vs Celta Vigo,,,Visita tarjetas -2.5,CARDS_AWAY UNDER.2.5,CARDS_AWAY:UNDER_2_5,84.9%,0.849400,,,,,,,Sin cuota/EV,No encontrado en Betano,Alta,contexto premium torneo actual,usa promedios del contexto premium/API-Football,depende mucho del arbitro y del contexto competitivo,
2026-09-03,14:00,Real Sociedad vs Celta Vigo,,,SHOTS_ON_TARGET_TOTAL OVER.6.5,SHOTS_ON_TARGET_TOTAL OVER.6.5,SHOTS_ON_TARGET_TOTAL:OVER_6_5,84.7%,0.847400,,,,,,,Sin cuota/EV,No encontrado en Betano,Alta,contexto premium torneo actual,usa promedios del contexto premium/API-Football,el volumen ofensivo puede variar por planteamiento y marcador temprano,
2026-09-03,14:00,Real Sociedad vs Celta Vigo,,,Visita corners -5.5,CORNERS_AWAY UNDER.5.5,CORNERS_AWAY:UNDER_5_5,83.5%,0.834800,,,,,,,Sin cuota/EV,No encontrado en Betano,Alta,contexto premium torneo actual,usa promedios del contexto premium/API-Football,el volumen ofensivo puede variar por planteamiento y marcador temprano,
2026-09-03,14:00,Real Sociedad vs Celta Vigo,,,Corners total -11.5,CORNERS_TOTALS UNDER.11.5,CORNERS_TOTALS:UNDER_11_5,83.4%,0.834100,,,,,,,Sin cuota/EV,No encontrado en Betano,Alta,contexto premium torneo actual,usa promedios del contexto premium/API-Football,el volumen ofensivo puede variar por planteamiento y marcador temprano,
2026-09-03,14:00,Real Sociedad vs Celta Vigo,,,Tarjetas total -5.5,CARDS_TOTALS UNDER.5.5,CARDS_TOTALS:UNDER_5_5,78.5%,0.785100,,,,,,,Sin cuota/EV,No encontrado en Betano,Alta,contexto premium torneo actual,usa promedios del contexto premium/API-Football,depende mucho del arbitro y del contexto competitivo,
2026-09-03,14:00,Real Sociedad vs Celta Vigo,10Bet,,Goles -3.5,TOTALS UNDER.3.5,TOTALS:UNDER_3_5,77.3%,0.773100,1.30,0.01,0.005100,,,,EV negativo,No encontrado en Betano,Alta,torneo actual,usa Poisson base con estadisticas de goles del torneo,un gol temprano o baja eficacia puede cambiar la lectura del mercado,
2026-09-03,14:00,Real Sociedad vs Celta Vigo,,,Local corners -6.5,CORNERS_HOME UNDER.6.5,CORNERS_HOME:UNDER_6_5,76.2%,0.762200,,,,,,,Sin cuota/EV,No encontrado en Betano,Alta,contexto premium torneo actual,usa promedios del contexto premium/API-Football,el volumen ofensivo puede variar por planteamiento y marcador temprano,
2026-09-03,14:00,Real Sociedad vs Celta Vigo,,,Tarjetas total +2.5,CARDS_TOTALS OVER.2.5,CARDS_TOTALS:OVER_2_5,76.2%,0.761900,,,,,,,Sin cuota/EV,No encontrado en Betano,Alta,contexto premium torneo actual,usa promedios del contexto premium/API-Football,depende mucho del arbitro y del contexto competitivo,
2026-09-03,14:00,Real Sociedad vs Celta Vigo,,,SHOTS_ON_TARGET_TOTAL OVER.7.5,SHOTS_ON_TARGET_TOTAL OVER.7.5,SHOTS_ON_TARGET_TOTAL:OVER_7_5,74.8%,0.748200,,,,,,,Sin cuota/EV,No encontrado en Betano,Alta,contexto premium torneo actual,usa promedios del contexto premium/API-Football,el volumen ofensivo puede variar por planteamiento y marcador temprano,
2026-09-03,14:00,Real Sociedad vs Celta Vigo,,,Local tarjetas +1.5,CARDS_HOME OVER.1.5,CARDS_HOME:OVER_1_5,74.5%,0.745300,,,,,,,Sin cuota/EV,No encontrado en Betano,Alta,contexto premium torneo actual,usa promedios del contexto premium/API-Football,depende mucho del arbitro y del contexto competitivo,
2026-09-03,14:00,Real Sociedad vs Celta Vigo,,,Corners total -10.5,CORNERS_TOTALS UNDER.10.5,CORNERS_TOTALS:UNDER_10_5,74.5%,0.744700,,,,,,,Sin cuota/EV,No encontrado en Betano,Alta,contexto premium torneo actual,usa promedios del contexto premium/API-Football,el volumen ofensivo puede variar por planteamiento y marcador temprano,
2026-09-03,14:00,Real Sociedad vs Celta Vigo,,,Visita tarjetas +0.5,CARDS_AWAY OVER.0.5,CARDS_AWAY:OVER_0_5,73.6%,0.736300,,,,,,,Sin cuota/EV,No encontrado en Betano,Alta,contexto premium torneo actual,usa promedios del contexto premium/API-Football,depende mucho del arbitro y del contexto competitivo,
2026-09-03,14:00,Real Sociedad vs Celta Vigo,,,SHOTS_TOTAL OVER.20.5,SHOTS_TOTAL OVER.20.5,SHOTS_TOTAL:OVER_20_5,73.6%,0.736000,,,,,,,Sin cuota/EV,No encontrado en Betano,Alta,contexto premium torneo actual,usa promedios del contexto premium/API-Football,el volumen ofensivo puede variar por planteamiento y marcador temprano,
2026-09-03,14:00,Real Sociedad vs Celta Vigo,,,Local corners +3.5,CORNERS_HOME OVER.3.5,CORNERS_HOME:OVER_3_5,73.5%,0.735000,,,,,,,Sin cuota/EV,No encontrado en Betano,Alta,contexto premium torneo actual,usa promedios del contexto premium/API-Football,el volumen ofensivo puede variar por planteamiento y marcador temprano,
2026-09-03,14:00,Real Sociedad vs Celta Vigo,,,SHOTS_TOTAL UNDER.26.5,SHOTS_TOTAL UNDER.26.5,SHOTS_TOTAL:UNDER_26_5,72.8%,0.727500,,,,,,,Sin cuota/EV,No encontrado en Betano,Alta,contexto premium torneo actual,usa promedios del contexto premium/API-Football,el volumen ofensivo puede variar por planteamiento y marcador temprano,
2026-09-03,14:00,Real Sociedad vs Celta Vigo,,,DOUBLE_CHANCE 12,DOUBLE_CHANCE 12,DOUBLE_CHANCE:12,72.5%,0.725500,,,,,,,Sin cuota/EV,No encontrado en Betano,Alta,torneo actual,usa Poisson base con estadisticas de goles del torneo,riesgo propio del resultado final y variacion del modelo,
2026-09-03,14:00,Real Sociedad vs Celta Vigo,,,Local tarjetas -3.5,CARDS_HOME UNDER.3.5,CARDS_HOME:UNDER_3_5,72.1%,0.721400,,,,,,,Sin cuota/EV,No encontrado en Betano,Alta,contexto premium torneo actual,usa promedios del contexto premium/API-Football,depende mucho del arbitro y del contexto competitivo,
2026-09-03,14:00,Real Sociedad vs Celta Vigo,,,Local goles +0.5,TEAM_TOTAL_HOME OVER.0.5,TEAM_TOTAL_HOME:OVER_0_5,71.6%,0.716300,,,,,,,Sin cuota/EV,No encontrado en Betano,Alta,torneo actual,usa Poisson base con estadisticas de goles del torneo,un gol temprano o baja eficacia puede cambiar la lectura del mercado,
2026-09-03,14:00,Real Sociedad vs Celta Vigo,10Bet,,Goles +1.5,TOTALS OVER.1.5,TOTALS:OVER_1_5,69.7%,0.697300,2.15,0.50,0.499200,,,,EV positivo,No encontrado en Betano,Media,torneo actual,usa Poisson base con estadisticas de goles del torneo,un gol temprano o baja eficacia puede cambiar la lectura del mercado,
2026-09-03,14:00,Real Sociedad vs Celta Vigo,,,Visita corners -4.5,CORNERS_AWAY UNDER.4.5,CORNERS_AWAY:UNDER_4_5,69.4%,0.693600,,,,,,,Sin cuota/EV,No encontrado en Betano,Media,contexto premium torneo actual,usa promedios del contexto premium/API-Football,el volumen ofensivo puede variar por planteamiento y marcador temprano,
2026-09-03,14:00,Real Sociedad vs Celta Vigo,10Bet,,1T +0.5,FIRST_HALF_TOTALS OVER.0.5,FIRST_HALF_TOTALS:OVER_0_5,68.9%,0.688700,2.25,0.55,0.549600,,,,EV positivo,No encontrado en Betano,Media,contexto premium torneo actual,usa promedios del contexto premium/API-Football,el primer tiempo puede tener ritmo bajo o rotaciones,
2026-09-03,14:00,Real Sociedad vs Celta Vigo,,,Visita goles +0.5,TEAM_TOTAL_AWAY OVER.0.5,TEAM_TOTAL_AWAY:OVER_0_5,68.9%,0.688600,,,,,,,Sin cuota/EV,No encontrado en Betano,Media,torneo actual,usa Poisson base con estadisticas de goles del torneo,un gol temprano o baja eficacia puede cambiar la lectura del mercado,
2026-09-03,14:00,Real Sociedad vs Celta Vigo,,,Visita goles -1.5,TEAM_TOTAL_AWAY UNDER.1.5,TEAM_TOTAL_AWAY:UNDER_1_5,67.5%,0.674700,,,,,,,Sin cuota/EV,No encontrado en Betano,Media,torneo actual,usa Poisson base con estadisticas de goles del torneo,un gol temprano o baja eficacia puede cambiar la lectura del mercado,
2026-09-03,14:00,Real Sociedad vs Celta Vigo,10Bet,,1T -1.5,FIRST_HALF_TOTALS UNDER.1.5,FIRST_HALF_TOTALS:UNDER_1_5,67.5%,0.674600,1.07,-0.28,-0.278200,,,,EV negativo,No encontrado en Betano,Media,contexto premium torneo actual,usa promedios del contexto premium/API-Football,el primer tiempo puede tener ritmo bajo o rotaciones,
2026-09-03,14:00,Real Sociedad vs Celta Vigo,,,DOUBLE_CHANCE 1X,DOUBLE_CHANCE 1X,DOUBLE_CHANCE:1X,66.0%,0.659700,,,,,,,Sin cuota/EV,No encontrado en Betano,Media,torneo actual,usa Poisson base con estadisticas de goles del torneo,riesgo propio del resultado final y variacion del modelo,
2026-09-03,14:00,Real Sociedad vs Celta Vigo,,,Local goles -1.5,TEAM_TOTAL_HOME UNDER.1.5,TEAM_TOTAL_HOME:UNDER_1_5,64.1%,0.641100,,,,,,,Sin cuota/EV,No encontrado en Betano,Media,torneo actual,usa Poisson base con estadisticas de goles del torneo,un gol temprano o baja eficacia puede cambiar la lectura del mercado,
2026-09-03,14:00,Real Sociedad vs Celta Vigo,,,Corners total +7.5,CORNERS_TOTALS OVER.7.5,CORNERS_TOTALS:OVER_7_5,63.6%,0.635700,,,,,,,Sin cuota/EV,No encontrado en Betano,Media,contexto premium torneo actual,usa promedios del contexto premium/API-Football,el volumen ofensivo puede variar por planteamiento y marcador temprano,
2026-09-03,14:00,Real Sociedad vs Celta Vigo,10Bet,,Corners total -9.5,CORNERS_TOTALS UNDER.9.5,CORNERS_TOTALS:UNDER_9_5,63.1%,0.631200,1.77,0.12,0.117200,,,,EV positivo,No encontrado en Betano,Media,contexto premium torneo actual,usa promedios del contexto premium/API-Football,el volumen ofensivo puede variar por planteamiento y marcador temprano,
2026-09-03,14:00,Real Sociedad vs Celta Vigo,,,Tarjetas total -4.5,CARDS_TOTALS UNDER.4.5,CARDS_TOTALS:UNDER_4_5,62.9%,0.628800,,,,,,,Sin cuota/EV,No encontrado en Betano,Media,contexto premium torneo actual,usa promedios del contexto premium/API-Football,depende mucho del arbitro y del contexto competitivo,
2026-09-03,14:00,Real Sociedad vs Celta Vigo,,,SHOTS_ON_TARGET_TOTAL OVER.8.5,SHOTS_ON_TARGET_TOTAL OVER.8.5,SHOTS_ON_TARGET_TOTAL:OVER_8_5,62.8%,0.628400,,,,,,,Sin cuota/EV,No encontrado en Betano,Media,contexto premium torneo actual,usa promedios del contexto premium/API-Football,el volumen ofensivo puede variar por planteamiento y marcador temprano,
2026-09-03,14:00,Real Sociedad vs Celta Vigo,10Bet,,Local corners -5.5,CORNERS_HOME UNDER.5.5,CORNERS_HOME:UNDER_5_5,61.6%,0.616000,1.67,0.03,0.028700,,,,EV positivo,No encontrado en Betano,Media,contexto premium torneo actual,usa promedios del contexto premium/API-Football,el volumen ofensivo puede variar por planteamiento y marcador temprano,
2026-09-03,14:00,Real Sociedad vs Celta Vigo,,,Visita tarjetas -1.5,CARDS_AWAY UNDER.1.5,CARDS_AWAY:UNDER_1_5,61.5%,0.615200,,,,,,,Sin cuota/EV,No encontrado en Betano,Media,contexto premium torneo actual,usa promedios del contexto premium/API-Football,depende mucho del arbitro y del contexto competitivo,
2026-09-03,14:00,Real Sociedad vs Celta Vigo,,,DOUBLE_CHANCE X2,DOUBLE_CHANCE X2,DOUBLE_CHANCE:X2,61.5%,0.614700,,,,,,,Sin cuota/EV,No encontrado en Betano,Media,torneo actual,usa Poisson base con estadisticas de goles del torneo,riesgo propio del resultado final y variacion del modelo,
2026-09-03,14:00,Real Sociedad vs Celta Vigo,,,SHOTS_TOTAL OVER.22.5,SHOTS_TOTAL OVER.22.5,SHOTS_TOTAL:OVER_22_5,58.2%,0.582000,,,,,,,Sin cuota/EV,No encontrado en Betano,Media,contexto premium torneo actual,usa promedios del contexto premium/API-Football,el volumen ofensivo puede variar por planteamiento y marcador temprano,
2026-09-03,14:00,Real Sociedad vs Celta Vigo,,,SHOTS_TOTAL UNDER.24.5,SHOTS_TOTAL UNDER.24.5,SHOTS_TOTAL:UNDER_24_5,58.1%,0.581000,,,,,,,Sin cuota/EV,No encontrado en Betano,Media,contexto premium torneo actual,usa promedios del contexto premium/API-Football,el volumen ofensivo puede variar por planteamiento y marcador temprano,
2026-09-03,14:00,Real Sociedad vs Celta Vigo,,,Tarjetas total +3.5,CARDS_TOTALS OVER.3.5,CARDS_TOTALS:OVER_3_5,56.6%,0.566500,,,,,,,Sin cuota/EV,No encontrado en Betano,Media,contexto premium torneo actual,usa promedios del contexto premium/API-Football,depende mucho del arbitro y del contexto competitivo,
2026-09-03,14:00,Real Sociedad vs Celta Vigo,10Bet,,Goles -2.5,TOTALS UNDER.2.5,TOTALS:UNDER_2_5,56.3%,0.562800,1.15,-0.35,-0.352800,,,,EV negativo,No encontrado en Betano,Media,torneo actual,usa Poisson base con estadisticas de goles del torneo,un gol temprano o baja eficacia puede cambiar la lectura del mercado,
2026-09-03,14:00,Real Sociedad vs Celta Vigo,,,Local corners +4.5,CORNERS_HOME OVER.4.5,CORNERS_HOME:OVER_4_5,56.0%,0.559500,,,,,,,Sin cuota/EV,No encontrado en Betano,Media,contexto premium torneo actual,usa promedios del contexto premium/API-Football,el volumen ofensivo puede variar por planteamiento y marcador temprano,
2026-09-03,14:00,Real Sociedad vs Celta Vigo,10Bet,,DNB local,DRAW_NO_BET HOME,DRAW_NO_BET:HOME,53.1%,0.531000,1.48,-0.21,-0.214100,,,,EV negativo,No encontrado en Betano,Baja,torneo actual,usa Poisson base con estadisticas de goles del torneo,riesgo propio del resultado final y variacion del modelo,
2026-09-03,14:00,Real Sociedad vs Celta Vigo,10Bet,,BTTS no,BTTS NO,BTTS:NO,50.7%,0.506700,1.20,-0.39,-0.391900,,,,EV negativo,No encontrado en Betano,Baja,torneo actual,usa Poisson base con estadisticas de goles del torneo,un gol temprano o baja eficacia puede cambiar la lectura del mercado,
2026-09-03,14:00,Real Sociedad vs Celta Vigo,,,Local tarjetas -2.5,CARDS_HOME UNDER.2.5,CARDS_HOME:UNDER_2_5,50.2%,0.501700,,,,,,,Sin cuota/EV,No encontrado en Betano,Baja,contexto premium torneo actual,usa promedios del contexto premium/API-Football,depende mucho del arbitro y del contexto competitivo,
2026-09-03,14:00,Real Sociedad vs Celta Vigo,10Bet,,Visita corners -3.5,CORNERS_AWAY UNDER.3.5,CORNERS_AWAY:UNDER_3_5,50.1%,0.501100,1.93,-0.03,-0.032900,,,,EV negativo,No encontrado en Betano,Baja,contexto premium torneo actual,usa promedios del contexto premium/API-Football,el volumen ofensivo puede variar por planteamiento y marcador temprano,
2026-09-03,14:00,Real Sociedad vs Celta Vigo,,,SHOTS_ON_TARGET_TOTAL UNDER.9.5,SHOTS_ON_TARGET_TOTAL UNDER.9.5,SHOTS_ON_TARGET_TOTAL:UNDER_9_5,50.0%,0.500300,,,,,,,Sin cuota/EV,No encontrado en Betano,Baja,contexto premium torneo actual,usa promedios del contexto premium/API-Football,el volumen ofensivo puede variar por planteamiento y marcador temprano,
2026-09-03,14:00,Real Sociedad vs Celta Vigo,,,Corners total -8.5,CORNERS_TOTALS UNDER.8.5,CORNERS_TOTALS:UNDER_8_5,50.0%,0.500300,,,,,,,Sin cuota/EV,No encontrado en Betano,Baja,contexto premium torneo actual,usa promedios del contexto premium/API-Football,el volumen ofensivo puede variar por planteamiento y marcador temprano,
2026-09-03,14:00,Real Sociedad vs Celta Vigo,,,Corners total +8.5,CORNERS_TOTALS OVER.8.5,CORNERS_TOTALS:OVER_8_5,50.0%,0.499700,,,,,,,Sin cuota/EV,No encontrado en Betano,Baja,contexto premium torneo actual,usa promedios del contexto premium/API-Football,el volumen ofensivo puede variar por planteamiento y marcador temprano,
2026-09-03,14:00,Real Sociedad vs Celta Vigo,,,SHOTS_ON_TARGET_TOTAL OVER.9.5,SHOTS_ON_TARGET_TOTAL OVER.9.5,SHOTS_ON_TARGET_TOTAL:OVER_9_5,50.0%,0.499700,,,,,,,Sin cuota/EV,No encontrado en Betano,Baja,contexto premium torneo actual,usa promedios del contexto premium/API-Football,el volumen ofensivo puede variar por planteamiento y marcador temprano,
2026-09-03,14:00,Real Sociedad vs Celta Vigo,10Bet,,Visita corners +3.5,CORNERS_AWAY OVER.3.5,CORNERS_AWAY:OVER_3_5,49.9%,0.498900,1.67,-0.17,-0.166800,,,,EV negativo,No encontrado en Betano,Baja,contexto premium torneo actual,usa promedios del contexto premium/API-Football,el volumen ofensivo puede variar por planteamiento y marcador temprano,
2026-09-03,14:00,Real Sociedad vs Celta Vigo,,,Local tarjetas +2.5,CARDS_HOME OVER.2.5,CARDS_HOME:OVER_2_5,49.8%,0.498300,,,,,,,Sin cuota/EV,No encontrado en Betano,Baja,contexto premium torneo actual,usa promedios del contexto premium/API-Football,depende mucho del arbitro y del contexto competitivo,
2026-09-03,14:00,Real Sociedad vs Celta Vigo,10Bet,,BTTS sí,BTTS YES,BTTS:YES,49.3%,0.493300,3.95,0.95,0.948400,,,,EV positivo,No encontrado en Betano,Baja,torneo actual,usa Poisson base con estadisticas de goles del torneo,un gol temprano o baja eficacia puede cambiar la lectura del mercado,
2026-09-03,14:00,Real Sociedad vs Celta Vigo,10Bet,,DNB visita,DRAW_NO_BET AWAY,DRAW_NO_BET:AWAY,46.9%,0.469000,2.50,0.17,0.172400,,,,EV positivo,No encontrado en Betano,Baja,torneo actual,usa Poisson base con estadisticas de goles del torneo,riesgo propio del resultado final y variacion del modelo,
2026-09-03,14:00,Real Sociedad vs Celta Vigo,,,Local corners -4.5,CORNERS_HOME UNDER.4.5,CORNERS_HOME:UNDER_4_5,44.0%,0.440500,,,,,,,Sin cuota/EV,No encontrado en Betano,Baja,contexto premium torneo actual,usa promedios del contexto premium/API-Football,el volumen ofensivo puede variar por planteamiento y marcador temprano,
2026-09-03,14:00,Real Sociedad vs Celta Vigo,10Bet,,Goles +2.5,TOTALS OVER.2.5,TOTALS:OVER_2_5,43.7%,0.437200,4.60,1.01,1.011300,,,,EV positivo,No encontrado en Betano,Baja,torneo actual,usa Poisson base con estadisticas de goles del torneo,un gol temprano o baja eficacia puede cambiar la lectura del mercado,
2026-09-03,14:00,Real Sociedad vs Celta Vigo,,,Tarjetas total -3.5,CARDS_TOTALS UNDER.3.5,CARDS_TOTALS:UNDER_3_5,43.4%,0.433500,,,,,,,Sin cuota/EV,No encontrado en Betano,Baja,contexto premium torneo actual,usa promedios del contexto premium/API-Football,depende mucho del arbitro y del contexto competitivo,
2026-09-03,14:00,Real Sociedad vs Celta Vigo,,,SHOTS_TOTAL OVER.24.5,SHOTS_TOTAL OVER.24.5,SHOTS_TOTAL:OVER_24_5,41.9%,0.419000,,,,,,,Sin cuota/EV,No encontrado en Betano,Baja,contexto premium torneo actual,usa promedios del contexto premium/API-Football,el volumen ofensivo puede variar por planteamiento y marcador temprano,
2026-09-03,14:00,Real Sociedad vs Celta Vigo,,,SHOTS_TOTAL UNDER.22.5,SHOTS_TOTAL UNDER.22.5,SHOTS_TOTAL:UNDER_22_5,41.8%,0.418000,,,,,,,Sin cuota/EV,No encontrado en Betano,Baja,contexto premium torneo actual,usa promedios del contexto premium/API-Football,el volumen ofensivo puede variar por planteamiento y marcador temprano,
2026-09-03,14:00,Real Sociedad vs Celta Vigo,10Bet,,Gana local,1X2 HOME,1X2:HOME,38.5%,0.385300,3.35,0.29,0.290700,,,,EV positivo,No encontrado en Betano,Baja,torneo actual,usa Poisson base con estadisticas de goles del torneo,riesgo propio del resultado final y variacion del modelo,
2026-09-03,14:00,Real Sociedad vs Celta Vigo,,,Visita tarjetas +1.5,CARDS_AWAY OVER.1.5,CARDS_AWAY:OVER_1_5,38.5%,0.384800,,,,,,,Sin cuota/EV,No encontrado en Betano,Baja,contexto premium torneo actual,usa promedios del contexto premium/API-Football,depende mucho del arbitro y del contexto competitivo,
2026-09-03,14:00,Real Sociedad vs Celta Vigo,10Bet,,Local corners +5.5,CORNERS_HOME OVER.5.5,CORNERS_HOME:OVER_5_5,38.4%,0.384000,1.91,-0.27,-0.266500,,,,EV negativo,No encontrado en Betano,Baja,contexto premium torneo actual,usa promedios del contexto premium/API-Football,el volumen ofensivo puede variar por planteamiento y marcador temprano,
2026-09-03,14:00,Real Sociedad vs Celta Vigo,,,SHOTS_ON_TARGET_TOTAL UNDER.8.5,SHOTS_ON_TARGET_TOTAL UNDER.8.5,SHOTS_ON_TARGET_TOTAL:UNDER_8_5,37.2%,0.371600,,,,,,,Sin cuota/EV,No encontrado en Betano,Baja,contexto premium torneo actual,usa promedios del contexto premium/API-Football,el volumen ofensivo puede variar por planteamiento y marcador temprano,
2026-09-03,14:00,Real Sociedad vs Celta Vigo,,,Tarjetas total +4.5,CARDS_TOTALS OVER.4.5,CARDS_TOTALS:OVER_4_5,37.1%,0.371200,,,,,,,Sin cuota/EV,No encontrado en Betano,Baja,contexto premium torneo actual,usa promedios del contexto premium/API-Football,depende mucho del arbitro y del contexto competitivo,
2026-09-03,14:00,Real Sociedad vs Celta Vigo,10Bet,,Corners total +9.5,CORNERS_TOTALS OVER.9.5,CORNERS_TOTALS:OVER_9_5,36.9%,0.368800,1.95,-0.28,-0.280800,,,,EV negativo,No encontrado en Betano,Baja,contexto premium torneo actual,usa promedios del contexto premium/API-Football,el volumen ofensivo puede variar por planteamiento y marcador temprano,
2026-09-03,14:00,Real Sociedad vs Celta Vigo,,,Corners total -7.5,CORNERS_TOTALS UNDER.7.5,CORNERS_TOTALS:UNDER_7_5,36.4%,0.364300,,,,,,,Sin cuota/EV,No encontrado en Betano,Baja,contexto premium torneo actual,usa promedios del contexto premium/API-Football,el volumen ofensivo puede variar por planteamiento y marcador temprano,
2026-09-03,14:00,Real Sociedad vs Celta Vigo,,,Local goles +1.5,TEAM_TOTAL_HOME OVER.1.5,TEAM_TOTAL_HOME:OVER_1_5,35.9%,0.358900,,,,,,,Sin cuota/EV,No encontrado en Betano,Baja,torneo actual,usa Poisson base con estadisticas de goles del torneo,un gol temprano o baja eficacia puede cambiar la lectura del mercado,
2026-09-03,14:00,Real Sociedad vs Celta Vigo,10Bet,,Gana visita,1X2 AWAY,1X2:AWAY,34.0%,0.340300,4.75,0.62,0.616200,,,,EV positivo,No encontrado en Betano,Baja,torneo actual,usa Poisson base con estadisticas de goles del torneo,riesgo propio del resultado final y variacion del modelo,
2026-09-03,14:00,Real Sociedad vs Celta Vigo,10Bet,,1T +1.5,FIRST_HALF_TOTALS OVER.1.5,FIRST_HALF_TOTALS:OVER_1_5,32.5%,0.325400,7.00,1.28,1.277900,,,,EV positivo,No encontrado en Betano,Baja,contexto premium torneo actual,usa promedios del contexto premium/API-Football,el primer tiempo puede tener ritmo bajo o rotaciones,
2026-09-03,14:00,Real Sociedad vs Celta Vigo,,,Visita goles +1.5,TEAM_TOTAL_AWAY OVER.1.5,TEAM_TOTAL_AWAY:OVER_1_5,32.5%,0.325300,,,,,,,Sin cuota/EV,No encontrado en Betano,Baja,torneo actual,usa Poisson base con estadisticas de goles del torneo,un gol temprano o baja eficacia puede cambiar la lectura del mercado,
2026-09-03,14:00,Real Sociedad vs Celta Vigo,,,Visita goles -0.5,TEAM_TOTAL_AWAY UNDER.0.5,TEAM_TOTAL_AWAY:UNDER_0_5,31.1%,0.311400,,,,,,,Sin cuota/EV,No encontrado en Betano,Baja,torneo actual,usa Poisson base con estadisticas de goles del torneo,un gol temprano o baja eficacia puede cambiar la lectura del mercado,
2026-09-03,14:00,Real Sociedad vs Celta Vigo,10Bet,,1T -0.5,FIRST_HALF_TOTALS UNDER.0.5,FIRST_HALF_TOTALS:UNDER_0_5,31.1%,0.311300,1.57,-0.51,-0.511300,,,,EV negativo,No encontrado en Betano,Baja,contexto premium torneo actual,usa promedios del contexto premium/API-Football,el primer tiempo puede tener ritmo bajo o rotaciones,
2026-09-03,14:00,Real Sociedad vs Celta Vigo,,,Visita corners +4.5,CORNERS_AWAY OVER.4.5,CORNERS_AWAY:OVER_4_5,30.6%,0.306400,,,,,,,Sin cuota/EV,No encontrado en Betano,Baja,contexto premium torneo actual,usa promedios del contexto premium/API-Football,el volumen ofensivo puede variar por planteamiento y marcador temprano,
2026-09-03,14:00,Real Sociedad vs Celta Vigo,10Bet,,Goles -1.5,TOTALS UNDER.1.5,TOTALS:UNDER_1_5,30.3%,0.302700,1.62,-0.51,-0.509600,,,,EV negativo,No encontrado en Betano,Baja,torneo actual,usa Poisson base con estadisticas de goles del torneo,un gol temprano o baja eficacia puede cambiar la lectura del mercado,
2026-09-03,14:00,Real Sociedad vs Celta Vigo,,,Local goles -0.5,TEAM_TOTAL_HOME UNDER.0.5,TEAM_TOTAL_HOME:UNDER_0_5,28.4%,0.283700,,,,,,,Sin cuota/EV,No encontrado en Betano,Baja,torneo actual,usa Poisson base con estadisticas de goles del torneo,un gol temprano o baja eficacia puede cambiar la lectura del mercado,
2026-09-03,14:00,Real Sociedad vs Celta Vigo,,,Local tarjetas +3.5,CARDS_HOME OVER.3.5,CARDS_HOME:OVER_3_5,27.9%,0.278600,,,,,,,Sin cuota/EV,No encontrado en Betano,Baja,contexto premium torneo actual,usa promedios del contexto premium/API-Football,depende mucho del arbitro y del contexto competitivo,
2026-09-03,14:00,Real Sociedad vs Celta Vigo,10Bet,,Empate,1X2 DRAW,1X2:DRAW,27.5%,0.274500,1.75,-0.52,-0.519700,,,,EV negativo,No encontrado en Betano,Baja,torneo actual,usa Poisson base con estadisticas de goles del torneo,riesgo propio del resultado final y variacion del modelo,
2026-09-03,14:00,Real Sociedad vs Celta Vigo,,,SHOTS_TOTAL OVER.26.5,SHOTS_TOTAL OVER.26.5,SHOTS_TOTAL:OVER_26_5,27.3%,0.272500,,,,,,,Sin cuota/EV,No encontrado en Betano,Baja,contexto premium torneo actual,usa promedios del contexto premium/API-Football,el volumen ofensivo puede variar por planteamiento y marcador temprano,
2026-09-03,14:00,Real Sociedad vs Celta Vigo,,,Local corners -3.5,CORNERS_HOME UNDER.3.5,CORNERS_HOME:UNDER_3_5,26.5%,0.265000,,,,,,,Sin cuota/EV,No encontrado en Betano,Baja,contexto premium torneo actual,usa promedios del contexto premium/API-Football,el volumen ofensivo puede variar por planteamiento y marcador temprano,
2026-09-03,14:00,Real Sociedad vs Celta Vigo,,,SHOTS_TOTAL UNDER.20.5,SHOTS_TOTAL UNDER.20.5,SHOTS_TOTAL:UNDER_20_5,26.4%,0.264000,,,,,,,Sin cuota/EV,No encontrado en Betano,Baja,contexto premium torneo actual,usa promedios del contexto premium/API-Football,el volumen ofensivo puede variar por planteamiento y marcador temprano,
2026-09-03,14:00,Real Sociedad vs Celta Vigo,,,Visita tarjetas -0.5,CARDS_AWAY UNDER.0.5,CARDS_AWAY:UNDER_0_5,26.4%,0.263700,,,,,,,Sin cuota/EV,No encontrado en Betano,Baja,contexto premium torneo actual,usa promedios del contexto premium/API-Football,depende mucho del arbitro y del contexto competitivo,
2026-09-03,14:00,Real Sociedad vs Celta Vigo,,,Corners total +10.5,CORNERS_TOTALS OVER.10.5,CORNERS_TOTALS:OVER_10_5,25.5%,0.255300,,,,,,,Sin cuota/EV,No encontrado en Betano,Baja,contexto premium torneo actual,usa promedios del contexto premium/API-Football,el volumen ofensivo puede variar por planteamiento y marcador temprano,
2026-09-03,14:00,Real Sociedad vs Celta Vigo,,,Local tarjetas -1.5,CARDS_HOME UNDER.1.5,CARDS_HOME:UNDER_1_5,25.5%,0.254700,,,,,,,Sin cuota/EV,No encontrado en Betano,Baja,contexto premium torneo actual,usa promedios del contexto premium/API-Football,depende mucho del arbitro y del contexto competitivo,
2026-09-03,14:00,Real Sociedad vs Celta Vigo,,,SHOTS_ON_TARGET_TOTAL UNDER.7.5,SHOTS_ON_TARGET_TOTAL UNDER.7.5,SHOTS_ON_TARGET_TOTAL:UNDER_7_5,25.2%,0.251800,,,,,,,Sin cuota/EV,No encontrado en Betano,Baja,contexto premium torneo actual,usa promedios del contexto premium/API-Football,el volumen ofensivo puede variar por planteamiento y marcador temprano,
2026-09-03,14:00,Real Sociedad vs Celta Vigo,,,Tarjetas total -2.5,CARDS_TOTALS UNDER.2.5,CARDS_TOTALS:UNDER_2_5,23.8%,0.238100,,,,,,,Sin cuota/EV,No encontrado en Betano,Baja,contexto premium torneo actual,usa promedios del contexto premium/API-Football,depende mucho del arbitro y del contexto competitivo,
2026-09-03,14:00,Real Sociedad vs Celta Vigo,,,Local corners +6.5,CORNERS_HOME OVER.6.5,CORNERS_HOME:OVER_6_5,23.8%,0.237800,,,,,,,Sin cuota/EV,No encontrado en Betano,Baja,contexto premium torneo actual,usa promedios del contexto premium/API-Football,el volumen ofensivo puede variar por planteamiento y marcador temprano,
2026-09-03,14:00,Real Sociedad vs Celta Vigo,10Bet,,Goles +3.5,TOTALS OVER.3.5,TOTALS:OVER_3_5,22.7%,0.226900,3.35,-0.24,-0.240000,,,,EV negativo,No encontrado en Betano,Baja,torneo actual,usa Poisson base con estadisticas de goles del torneo,un gol temprano o baja eficacia puede cambiar la lectura del mercado,
2026-09-03,14:00,Real Sociedad vs Celta Vigo,,,Tarjetas total +5.5,CARDS_TOTALS OVER.5.5,CARDS_TOTALS:OVER_5_5,21.5%,0.214900,,,,,,,Sin cuota/EV,No encontrado en Betano,Baja,contexto premium torneo actual,usa promedios del contexto premium/API-Football,depende mucho del arbitro y del contexto competitivo,
2026-09-03,14:00,Real Sociedad vs Celta Vigo,,,Corners total +11.5,CORNERS_TOTALS OVER.11.5,CORNERS_TOTALS:OVER_11_5,16.6%,0.165900,,,,,,,Sin cuota/EV,No encontrado en Betano,Baja,contexto premium torneo actual,usa promedios del contexto premium/API-Football,el volumen ofensivo puede variar por planteamiento y marcador temprano,
2026-09-03,14:00,Real Sociedad vs Celta Vigo,,,Visita corners +5.5,CORNERS_AWAY OVER.5.5,CORNERS_AWAY:OVER_5_5,16.5%,0.165200,,,,,,,Sin cuota/EV,No encontrado en Betano,Baja,contexto premium torneo actual,usa promedios del contexto premium/API-Football,el volumen ofensivo puede variar por planteamiento y marcador temprano,
2026-09-03,14:00,Real Sociedad vs Celta Vigo,,,SHOTS_ON_TARGET_TOTAL UNDER.6.5,SHOTS_ON_TARGET_TOTAL UNDER.6.5,SHOTS_ON_TARGET_TOTAL:UNDER_6_5,15.3%,0.152600,,,,,,,Sin cuota/EV,No encontrado en Betano,Baja,contexto premium torneo actual,usa promedios del contexto premium/API-Football,el volumen ofensivo puede variar por planteamiento y marcador temprano,
2026-09-03,14:00,Real Sociedad vs Celta Vigo,,,Visita tarjetas +2.5,CARDS_AWAY OVER.2.5,CARDS_AWAY:OVER_2_5,15.1%,0.150600,,,,,,,Sin cuota/EV,No encontrado en Betano,Baja,contexto premium torneo actual,usa promedios del contexto premium/API-Football,depende mucho del arbitro y del contexto competitivo,
2026-09-03,14:00,Real Sociedad vs Celta Vigo,,,SHOTS_TOTAL UNDER.18.5,SHOTS_TOTAL UNDER.18.5,SHOTS_TOTAL:UNDER_18_5,14.3%,0.142600,,,,,,,Sin cuota/EV,No encontrado en Betano,Baja,contexto premium torneo actual,usa promedios del contexto premium/API-Football,el volumen ofensivo puede variar por planteamiento y marcador temprano,
2026-09-03,14:00,Real Sociedad vs Celta Vigo,,,Local goles +2.5,TEAM_TOTAL_HOME OVER.2.5,TEAM_TOTAL_HOME:OVER_2_5,13.4%,0.133800,,,,,,,Sin cuota/EV,No encontrado en Betano,Baja,torneo actual,usa Poisson base con estadisticas de goles del torneo,un gol temprano o baja eficacia puede cambiar la lectura del mercado,
2026-09-03,14:00,Real Sociedad vs Celta Vigo,,,Visita goles +2.5,TEAM_TOTAL_AWAY OVER.2.5,TEAM_TOTAL_AWAY:OVER_2_5,11.3%,0.113400,,,,,,,Sin cuota/EV,No encontrado en Betano,Baja,torneo actual,usa Poisson base con estadisticas de goles del torneo,un gol temprano o baja eficacia puede cambiar la lectura del mercado,
2026-09-03,14:00,Real Sociedad vs Celta Vigo,,,Tarjetas total +6.5,CARDS_TOTALS OVER.6.5,CARDS_TOTALS:OVER_6_5,11.1%,0.110700,,,,,,,Sin cuota/EV,No encontrado en Betano,Baja,contexto premium torneo actual,usa promedios del contexto premium/API-Football,depende mucho del arbitro y del contexto competitivo,
2026-09-03,14:00,Real Sociedad vs Celta Vigo,,,Visita corners +6.5,CORNERS_AWAY OVER.6.5,CORNERS_AWAY:OVER_6_5,7.9%,0.078900,,,,,,,Sin cuota/EV,No encontrado en Betano,Baja,contexto premium torneo actual,usa promedios del contexto premium/API-Football,el volumen ofensivo puede variar por planteamiento y marcador temprano,
2026-09-03,14:00,Real Sociedad vs Celta Vigo,,,Local tarjetas -0.5,CARDS_HOME UNDER.0.5,CARDS_HOME:UNDER_0_5,7.0%,0.069500,,,,,,,Sin cuota/EV,No encontrado en Betano,Baja,contexto premium torneo actual,usa promedios del contexto premium/API-Football,depende mucho del arbitro y del contexto competitivo,
2026-09-03,14:00,Real Sociedad vs Celta Vigo,,,Visita tarjetas +3.5,CARDS_AWAY OVER.3.5,CARDS_AWAY:OVER_3_5,4.7%,0.046500,,,,,,,Sin cuota/EV,No encontrado en Betano,Baja,contexto premium torneo actual,usa promedios del contexto premium/API-Football,depende mucho del arbitro y del contexto competitivo,
2026-09-03,18:00,Gremio vs Internacional,,,Visita goles -2.5,TEAM_TOTAL_AWAY UNDER.2.5,TEAM_TOTAL_AWAY:UNDER_2_5,93.7%,0.937100,,,,,,,Sin cuota/EV,No encontrado en Betano,Alta,torneo actual,usa Poisson base con estadisticas de goles del torneo,un gol temprano o baja eficacia puede cambiar la lectura del mercado,
2026-09-03,18:00,Gremio vs Internacional,,,Visita corners -6.5,CORNERS_AWAY UNDER.6.5,CORNERS_AWAY:UNDER_6_5,91.8%,0.918200,,,,,,,Sin cuota/EV,No encontrado en Betano,Alta,contexto premium torneo actual,usa promedios del contexto premium/API-Football,el volumen ofensivo puede variar por planteamiento y marcador temprano,
2026-09-03,18:00,Gremio vs Internacional,,,SHOTS_TOTAL OVER.18.5,SHOTS_TOTAL OVER.18.5,SHOTS_TOTAL:OVER_18_5,90.8%,0.908000,,,,,,,Sin cuota/EV,No encontrado en Betano,Alta,contexto premium torneo actual,usa promedios del contexto premium/API-Football,el volumen ofensivo puede variar por planteamiento y marcador temprano,
2026-09-03,18:00,Gremio vs Internacional,,,Corners total -11.5,CORNERS_TOTALS UNDER.11.5,CORNERS_TOTALS:UNDER_11_5,90.2%,0.902000,,,,,,,Sin cuota/EV,No encontrado en Betano,Alta,contexto premium torneo actual,usa promedios del contexto premium/API-Football,el volumen ofensivo puede variar por planteamiento y marcador temprano,
2026-09-03,18:00,Gremio vs Internacional,,,SHOTS_ON_TARGET_TOTAL UNDER.9.5,SHOTS_ON_TARGET_TOTAL UNDER.9.5,SHOTS_ON_TARGET_TOTAL:UNDER_9_5,90.2%,0.901600,,,,,,,Sin cuota/EV,No encontrado en Betano,Alta,contexto premium torneo actual,usa promedios del contexto premium/API-Football,el volumen ofensivo puede variar por planteamiento y marcador temprano,
2026-09-03,18:00,Gremio vs Internacional,,,Tarjetas total -6.5,CARDS_TOTALS UNDER.6.5,CARDS_TOTALS:UNDER_6_5,88.9%,0.889300,,,,,,,Sin cuota/EV,No encontrado en Betano,Alta,contexto premium torneo actual,usa promedios del contexto premium/API-Football,depende mucho del arbitro y del contexto competitivo,
2026-09-03,18:00,Gremio vs Internacional,,,Local corners -6.5,CORNERS_HOME UNDER.6.5,CORNERS_HOME:UNDER_6_5,87.9%,0.878600,,,,,,,Sin cuota/EV,No encontrado en Betano,Alta,contexto premium torneo actual,usa promedios del contexto premium/API-Football,el volumen ofensivo puede variar por planteamiento y marcador temprano,
2026-09-03,18:00,Gremio vs Internacional,,,Local tarjetas +0.5,CARDS_HOME OVER.0.5,CARDS_HOME:OVER_0_5,86.5%,0.864700,,,,,,,Sin cuota/EV,No encontrado en Betano,Alta,contexto premium torneo actual,usa promedios del contexto premium/API-Football,depende mucho del arbitro y del contexto competitivo,
2026-09-03,18:00,Gremio vs Internacional,,,Visita tarjetas +0.5,CARDS_AWAY OVER.0.5,CARDS_AWAY:OVER_0_5,86.5%,0.864700,,,,,,,Sin cuota/EV,No encontrado en Betano,Alta,contexto premium torneo actual,usa promedios del contexto premium/API-Football,depende mucho del arbitro y del contexto competitivo,
2026-09-03,18:00,Gremio vs Internacional,,,Local goles -2.5,TEAM_TOTAL_HOME UNDER.2.5,TEAM_TOTAL_HOME:UNDER_2_5,85.8%,0.858000,,,,,,,Sin cuota/EV,No encontrado en Betano,Alta,torneo actual,usa Poisson base con estadisticas de goles del torneo,un gol temprano o baja eficacia puede cambiar la lectura del mercado,
2026-09-03,18:00,Gremio vs Internacional,,,Local tarjetas -3.5,CARDS_HOME UNDER.3.5,CARDS_HOME:UNDER_3_5,85.7%,0.857100,,,,,,,Sin cuota/EV,No encontrado en Betano,Alta,contexto premium torneo actual,usa promedios del contexto premium/API-Football,depende mucho del arbitro y del contexto competitivo,
2026-09-03,18:00,Gremio vs Internacional,,,Visita tarjetas -3.5,CARDS_AWAY UNDER.3.5,CARDS_AWAY:UNDER_3_5,85.7%,0.857100,,,,,,,Sin cuota/EV,No encontrado en Betano,Alta,contexto premium torneo actual,usa promedios del contexto premium/API-Football,depende mucho del arbitro y del contexto competitivo,
2026-09-03,18:00,Gremio vs Internacional,,,Corners total -10.5,CORNERS_TOTALS UNDER.10.5,CORNERS_TOTALS:UNDER_10_5,83.5%,0.835200,,,,,,,Sin cuota/EV,No encontrado en Betano,Alta,contexto premium torneo actual,usa promedios del contexto premium/API-Football,el volumen ofensivo puede variar por planteamiento y marcador temprano,
2026-09-03,18:00,Gremio vs Internacional,,,Visita corners -5.5,CORNERS_AWAY UNDER.5.5,CORNERS_AWAY:UNDER_5_5,83.0%,0.830100,,,,,,,Sin cuota/EV,No encontrado en Betano,Alta,contexto premium torneo actual,usa promedios del contexto premium/API-Football,el volumen ofensivo puede variar por planteamiento y marcador temprano,
2026-09-03,18:00,Gremio vs Internacional,,,SHOTS_ON_TARGET_TOTAL UNDER.8.5,SHOTS_ON_TARGET_TOTAL UNDER.8.5,SHOTS_ON_TARGET_TOTAL:UNDER_8_5,82.6%,0.825900,,,,,,,Sin cuota/EV,No encontrado en Betano,Alta,contexto premium torneo actual,usa promedios del contexto premium/API-Football,el volumen ofensivo puede variar por planteamiento y marcador temprano,
2026-09-03,18:00,Gremio vs Internacional,William Hill,,Goles -3.5,TOTALS UNDER.3.5,TOTALS:UNDER_3_5,82.0%,0.820100,1.03,-0.16,-0.155200,,,,EV negativo,No encontrado en Betano,Alta,torneo actual,usa Poisson base con estadisticas de goles del torneo,un gol temprano o baja eficacia puede cambiar la lectura del mercado,
2026-09-03,18:00,Gremio vs Internacional,,,SHOTS_TOTAL OVER.20.5,SHOTS_TOTAL OVER.20.5,SHOTS_TOTAL:OVER_20_5,81.5%,0.814500,,,,,,,Sin cuota/EV,No encontrado en Betano,Alta,contexto premium torneo actual,usa promedios del contexto premium/API-Football,el volumen ofensivo puede variar por planteamiento y marcador temprano,
2026-09-03,18:00,Gremio vs Internacional,,,Tarjetas total -5.5,CARDS_TOTALS UNDER.5.5,CARDS_TOTALS:UNDER_5_5,78.5%,0.785100,,,,,,,Sin cuota/EV,No encontrado en Betano,Alta,contexto premium torneo actual,usa promedios del contexto premium/API-Football,depende mucho del arbitro y del contexto competitivo,
2026-09-03,18:00,Gremio vs Internacional,,,Visita goles -1.5,TEAM_TOTAL_AWAY UNDER.1.5,TEAM_TOTAL_AWAY:UNDER_1_5,77.2%,0.772500,,,,,,,Sin cuota/EV,No encontrado en Betano,Alta,torneo actual,usa Poisson base con estadisticas de goles del torneo,un gol temprano o baja eficacia puede cambiar la lectura del mercado,
2026-09-03,18:00,Gremio vs Internacional,William Hill,,1T -1.5,FIRST_HALF_TOTALS UNDER.1.5,FIRST_HALF_TOTALS:UNDER_1_5,77.2%,0.772500,1.36,0.05,0.050600,,,,EV positivo,No encontrado en Betano,Alta,contexto premium torneo actual,usa promedios del contexto premium/API-Football,el primer tiempo puede tener ritmo bajo o rotaciones,
2026-09-03,18:00,Gremio vs Internacional,,,Local corners -5.5,CORNERS_HOME UNDER.5.5,CORNERS_HOME:UNDER_5_5,76.9%,0.769300,,,,,,,Sin cuota/EV,No encontrado en Betano,Alta,contexto premium torneo actual,usa promedios del contexto premium/API-Football,el volumen ofensivo puede variar por planteamiento y marcador temprano,
2026-09-03,18:00,Gremio vs Internacional,,,Tarjetas total +2.5,CARDS_TOTALS OVER.2.5,CARDS_TOTALS:OVER_2_5,76.2%,0.761900,,,,,,,Sin cuota/EV,No encontrado en Betano,Alta,contexto premium torneo actual,usa promedios del contexto premium/API-Football,depende mucho del arbitro y del contexto competitivo,
2026-09-03,18:00,Gremio vs Internacional,,,Corners total -9.5,CORNERS_TOTALS UNDER.9.5,CORNERS_TOTALS:UNDER_9_5,74.1%,0.741100,,,,,,,Sin cuota/EV,No encontrado en Betano,Alta,contexto premium torneo actual,usa promedios del contexto premium/API-Football,el volumen ofensivo puede variar por planteamiento y marcador temprano,
2026-09-03,18:00,Gremio vs Internacional,,,DOUBLE_CHANCE 1X,DOUBLE_CHANCE 1X,DOUBLE_CHANCE:1X,74.1%,0.741100,,,,,,,Sin cuota/EV,No encontrado en Betano,Alta,torneo actual,usa Poisson base con estadisticas de goles del torneo,riesgo propio del resultado final y variacion del modelo,
2026-09-03,18:00,Gremio vs Internacional,,,Local goles +0.5,TEAM_TOTAL_HOME OVER.0.5,TEAM_TOTAL_HOME:OVER_0_5,72.6%,0.726400,,,,,,,Sin cuota/EV,No encontrado en Betano,Alta,torneo actual,usa Poisson base con estadisticas de goles del torneo,un gol temprano o baja eficacia puede cambiar la lectura del mercado,
2026-09-03,18:00,Gremio vs Internacional,,,SHOTS_ON_TARGET_TOTAL UNDER.7.5,SHOTS_ON_TARGET_TOTAL UNDER.7.5,SHOTS_ON_TARGET_TOTAL:UNDER_7_5,71.6%,0.716000,,,,,,,Sin cuota/EV,No encontrado en Betano,Alta,contexto premium torneo actual,usa promedios del contexto premium/API-Football,el volumen ofensivo puede variar por planteamiento y marcador temprano,
2026-09-03,18:00,Gremio vs Internacional,,,DOUBLE_CHANCE 12,DOUBLE_CHANCE 12,DOUBLE_CHANCE:12,71.6%,0.715900,,,,,,,Sin cuota/EV,No encontrado en Betano,Alta,torneo actual,usa Poisson base con estadisticas de goles del torneo,riesgo propio del resultado final y variacion del modelo,
2026-09-03,18:00,Gremio vs Internacional,,,Visita corners -4.5,CORNERS_AWAY UNDER.4.5,CORNERS_AWAY:UNDER_4_5,68.7%,0.687200,,,,,,,Sin cuota/EV,No encontrado en Betano,Media,contexto premium torneo actual,usa promedios del contexto premium/API-Football,el volumen ofensivo puede variar por planteamiento y marcador temprano,
2026-09-03,18:00,Gremio vs Internacional,,,SHOTS_TOTAL OVER.22.5,SHOTS_TOTAL OVER.22.5,SHOTS_TOTAL:OVER_22_5,68.2%,0.682500,,,,,,,Sin cuota/EV,No encontrado en Betano,Media,contexto premium torneo actual,usa promedios del contexto premium/API-Football,el volumen ofensivo puede variar por planteamiento y marcador temprano,
2026-09-03,18:00,Gremio vs Internacional,,,Local tarjetas -2.5,CARDS_HOME UNDER.2.5,CARDS_HOME:UNDER_2_5,67.7%,0.676700,,,,,,,Sin cuota/EV,No encontrado en Betano,Media,contexto premium torneo actual,usa promedios del contexto premium/API-Football,depende mucho del arbitro y del contexto competitivo,
2026-09-03,18:00,Gremio vs Internacional,,,Visita tarjetas -2.5,CARDS_AWAY UNDER.2.5,CARDS_AWAY:UNDER_2_5,67.7%,0.676700,,,,,,,Sin cuota/EV,No encontrado en Betano,Media,contexto premium torneo actual,usa promedios del contexto premium/API-Football,depende mucho del arbitro y del contexto competitivo,
2026-09-03,18:00,Gremio vs Internacional,William Hill,,Goles +1.5,TOTALS OVER.1.5,TOTALS:OVER_1_5,64.4%,0.644400,2.30,0.48,0.482200,,,,EV positivo,No encontrado en Betano,Media,torneo actual,usa Poisson base con estadisticas de goles del torneo,un gol temprano o baja eficacia puede cambiar la lectura del mercado,
2026-09-03,18:00,Gremio vs Internacional,,,DNB local,DRAW_NO_BET HOME,DRAW_NO_BET:HOME,63.8%,0.638300,,,,,,,Sin cuota/EV,No encontrado en Betano,Media,torneo actual,usa Poisson base con estadisticas de goles del torneo,riesgo propio del resultado final y variacion del modelo,
2026-09-03,18:00,Gremio vs Internacional,,,SHOTS_TOTAL UNDER.26.5,SHOTS_TOTAL UNDER.26.5,SHOTS_TOTAL:UNDER_26_5,62.9%,0.629400,,,,,,,Sin cuota/EV,No encontrado en Betano,Media,contexto premium torneo actual,usa promedios del contexto premium/API-Football,el volumen ofensivo puede variar por planteamiento y marcador temprano,
2026-09-03,18:00,Gremio vs Internacional,,,Tarjetas total -4.5,CARDS_TOTALS UNDER.4.5,CARDS_TOTALS:UNDER_4_5,62.9%,0.628800,,,,,,,Sin cuota/EV,No encontrado en Betano,Media,contexto premium torneo actual,usa promedios del contexto premium/API-Football,depende mucho del arbitro y del contexto competitivo,
2026-09-03,18:00,Gremio vs Internacional,,,Local goles -1.5,TEAM_TOTAL_HOME UNDER.1.5,TEAM_TOTAL_HOME:UNDER_1_5,62.8%,0.628300,,,,,,,Sin cuota/EV,No encontrado en Betano,Media,torneo actual,usa Poisson base con estadisticas de goles del torneo,un gol temprano o baja eficacia puede cambiar la lectura del mercado,
2026-09-03,18:00,Gremio vs Internacional,William Hill,,Goles -2.5,TOTALS UNDER.2.5,TOTALS:UNDER_2_5,62.4%,0.623800,1.14,-0.29,-0.288900,,,,EV negativo,No encontrado en Betano,Media,torneo actual,usa Poisson base con estadisticas de goles del torneo,un gol temprano o baja eficacia puede cambiar la lectura del mercado,
2026-09-03,18:00,Gremio vs Internacional,,,Corners total -8.5,CORNERS_TOTALS UNDER.8.5,CORNERS_TOTALS:UNDER_8_5,62.0%,0.620400,,,,,,,Sin cuota/EV,No encontrado en Betano,Media,contexto premium torneo actual,usa promedios del contexto premium/API-Football,el volumen ofensivo puede variar por planteamiento y marcador temprano,
2026-09-03,18:00,Gremio vs Internacional,,,Local corners -4.5,CORNERS_HOME UNDER.4.5,CORNERS_HOME:UNDER_4_5,60.9%,0.609300,,,,,,,Sin cuota/EV,No encontrado en Betano,Media,contexto premium torneo actual,usa promedios del contexto premium/API-Football,el volumen ofensivo puede variar por planteamiento y marcador temprano,
2026-09-03,18:00,Gremio vs Internacional,,,Local tarjetas +1.5,CARDS_HOME OVER.1.5,CARDS_HOME:OVER_1_5,59.4%,0.594000,,,,,,,Sin cuota/EV,No encontrado en Betano,Media,contexto premium torneo actual,usa promedios del contexto premium/API-Football,depende mucho del arbitro y del contexto competitivo,
2026-09-03,18:00,Gremio vs Internacional,,,Visita tarjetas +1.5,CARDS_AWAY OVER.1.5,CARDS_AWAY:OVER_1_5,59.4%,0.594000,,,,,,,Sin cuota/EV,No encontrado en Betano,Media,contexto premium torneo actual,usa promedios del contexto premium/API-Football,depende mucho del arbitro y del contexto competitivo,
2026-09-03,18:00,Gremio vs Internacional,William Hill,,1T +0.5,FIRST_HALF_TOTALS OVER.0.5,FIRST_HALF_TOTALS:OVER_0_5,59.3%,0.593400,1.40,-0.17,-0.169200,,,,EV negativo,No encontrado en Betano,Media,contexto premium torneo actual,usa promedios del contexto premium/API-Football,el primer tiempo puede tener ritmo bajo o rotaciones,
2026-09-03,18:00,Gremio vs Internacional,,,Visita goles +0.5,TEAM_TOTAL_AWAY OVER.0.5,TEAM_TOTAL_AWAY:OVER_0_5,59.3%,0.593400,,,,,,,Sin cuota/EV,No encontrado en Betano,Media,torneo actual,usa Poisson base con estadisticas de goles del torneo,un gol temprano o baja eficacia puede cambiar la lectura del mercado,
2026-09-03,18:00,Gremio vs Internacional,,,Local corners +3.5,CORNERS_HOME OVER.3.5,CORNERS_HOME:OVER_3_5,58.6%,0.585800,,,,,,,Sin cuota/EV,No encontrado en Betano,Media,contexto premium torneo actual,usa promedios del contexto premium/API-Football,el volumen ofensivo puede variar por planteamiento y marcador temprano,
2026-09-03,18:00,Gremio vs Internacional,,,SHOTS_ON_TARGET_TOTAL UNDER.6.5,SHOTS_ON_TARGET_TOTAL UNDER.6.5,SHOTS_ON_TARGET_TOTAL:UNDER_6_5,57.4%,0.574200,,,,,,,Sin cuota/EV,No encontrado en Betano,Media,contexto premium torneo actual,usa promedios del contexto premium/API-Football,el volumen ofensivo puede variar por planteamiento y marcador temprano,
2026-09-03,18:00,Gremio vs Internacional,William Hill,,BTTS no,BTTS NO,BTTS:NO,56.9%,0.569000,1.17,-0.33,-0.334300,,,,EV negativo,No encontrado en Betano,Media,torneo actual,usa Poisson base con estadisticas de goles del torneo,un gol temprano o baja eficacia puede cambiar la lectura del mercado,
2026-09-03,18:00,Gremio vs Internacional,,,Tarjetas total +3.5,CARDS_TOTALS OVER.3.5,CARDS_TOTALS:OVER_3_5,56.6%,0.566500,,,,,,,Sin cuota/EV,No encontrado en Betano,Media,contexto premium torneo actual,usa promedios del contexto premium/API-Football,depende mucho del arbitro y del contexto competitivo,
2026-09-03,18:00,Gremio vs Internacional,,,DOUBLE_CHANCE X2,DOUBLE_CHANCE X2,DOUBLE_CHANCE:X2,54.3%,0.543000,,,,,,,Sin cuota/EV,No encontrado en Betano,Baja,torneo actual,usa Poisson base con estadisticas de goles del torneo,riesgo propio del resultado final y variacion del modelo,
2026-09-03,18:00,Gremio vs Internacional,,,SHOTS_TOTAL OVER.24.5,SHOTS_TOTAL OVER.24.5,SHOTS_TOTAL:OVER_24_5,52.7%,0.526600,,,,,,,Sin cuota/EV,No encontrado en Betano,Baja,contexto premium torneo actual,usa promedios del contexto premium/API-Football,el volumen ofensivo puede variar por planteamiento y marcador temprano,
2026-09-03,18:00,Gremio vs Internacional,,,Corners total +7.5,CORNERS_TOTALS OVER.7.5,CORNERS_TOTALS:OVER_7_5,51.9%,0.518800,,,,,,,Sin cuota/EV,No encontrado en Betano,Baja,contexto premium torneo actual,usa promedios del contexto premium/API-Football,el volumen ofensivo puede variar por planteamiento y marcador temprano,
2026-09-03,18:00,Gremio vs Internacional,,,Visita corners +3.5,CORNERS_AWAY OVER.3.5,CORNERS_AWAY:OVER_3_5,50.6%,0.505800,,,,,,,Sin cuota/EV,No encontrado en Betano,Baja,contexto premium torneo actual,usa promedios del contexto premium/API-Football,el volumen ofensivo puede variar por planteamiento y marcador temprano,
2026-09-03,18:00,Gremio vs Internacional,,,Visita corners -3.5,CORNERS_AWAY UNDER.3.5,CORNERS_AWAY:UNDER_3_5,49.4%,0.494200,,,,,,,Sin cuota/EV,No encontrado en Betano,Baja,contexto premium torneo actual,usa promedios del contexto premium/API-Football,el volumen ofensivo puede variar por planteamiento y marcador temprano,
2026-09-03,18:00,Gremio vs Internacional,,,Corners total -7.5,CORNERS_TOTALS UNDER.7.5,CORNERS_TOTALS:UNDER_7_5,48.1%,0.481200,,,,,,,Sin cuota/EV,No encontrado en Betano,Baja,contexto premium torneo actual,usa promedios del contexto premium/API-Football,el volumen ofensivo puede variar por planteamiento y marcador temprano,
2026-09-03,18:00,Gremio vs Internacional,,,SHOTS_TOTAL UNDER.24.5,SHOTS_TOTAL UNDER.24.5,SHOTS_TOTAL:UNDER_24_5,47.3%,0.473400,,,,,,,Sin cuota/EV,No encontrado en Betano,Baja,contexto premium torneo actual,usa promedios del contexto premium/API-Football,el volumen ofensivo puede variar por planteamiento y marcador temprano,
2026-09-03,18:00,Gremio vs Internacional,William Hill,,Gana local,1X2 HOME,1X2:HOME,45.7%,0.457000,3.60,0.65,0.645000,,,,EV positivo,No encontrado en Betano,Baja,torneo actual,usa Poisson base con estadisticas de goles del torneo,riesgo propio del resultado final y variacion del modelo,
2026-09-03,18:00,Gremio vs Internacional,,,Tarjetas total -3.5,CARDS_TOTALS UNDER.3.5,CARDS_TOTALS:UNDER_3_5,43.4%,0.433500,,,,,,,Sin cuota/EV,No encontrado en Betano,Baja,contexto premium torneo actual,usa promedios del contexto premium/API-Football,depende mucho del arbitro y del contexto competitivo,
2026-09-03,18:00,Gremio vs Internacional,William Hill,,BTTS sí,BTTS YES,BTTS:YES,43.1%,0.431000,4.75,1.05,1.047500,,,,EV positivo,No encontrado en Betano,Baja,torneo actual,usa Poisson base con estadisticas de goles del torneo,un gol temprano o baja eficacia puede cambiar la lectura del mercado,
2026-09-03,18:00,Gremio vs Internacional,,,SHOTS_ON_TARGET_TOTAL OVER.6.5,SHOTS_ON_TARGET_TOTAL OVER.6.5,SHOTS_ON_TARGET_TOTAL:OVER_6_5,42.6%,0.425800,,,,,,,Sin cuota/EV,No encontrado en Betano,Baja,contexto premium torneo actual,usa promedios del contexto premium/API-Football,el volumen ofensivo puede variar por planteamiento y marcador temprano,
2026-09-03,18:00,Gremio vs Internacional,,,Local corners -3.5,CORNERS_HOME UNDER.3.5,CORNERS_HOME:UNDER_3_5,41.4%,0.414200,,,,,,,Sin cuota/EV,No encontrado en Betano,Baja,contexto premium torneo actual,usa promedios del contexto premium/API-Football,el volumen ofensivo puede variar por planteamiento y marcador temprano,
2026-09-03,18:00,Gremio vs Internacional,,,Visita goles -0.5,TEAM_TOTAL_AWAY UNDER.0.5,TEAM_TOTAL_AWAY:UNDER_0_5,40.7%,0.406600,,,,,,,Sin cuota/EV,No encontrado en Betano,Baja,torneo actual,usa Poisson base con estadisticas de goles del torneo,un gol temprano o baja eficacia puede cambiar la lectura del mercado,
2026-09-03,18:00,Gremio vs Internacional,William Hill,,1T -0.5,FIRST_HALF_TOTALS UNDER.0.5,FIRST_HALF_TOTALS:UNDER_0_5,40.7%,0.406600,2.75,0.12,0.118100,,,,EV positivo,No encontrado en Betano,Baja,contexto premium torneo actual,usa promedios del contexto premium/API-Football,el primer tiempo puede tener ritmo bajo o rotaciones,
2026-09-03,18:00,Gremio vs Internacional,,,Local tarjetas -1.5,CARDS_HOME UNDER.1.5,CARDS_HOME:UNDER_1_5,40.6%,0.406000,,,,,,,Sin cuota/EV,No encontrado en Betano,Baja,contexto premium torneo actual,usa promedios del contexto premium/API-Football,depende mucho del arbitro y del contexto competitivo,
2026-09-03,18:00,Gremio vs Internacional,,,Visita tarjetas -1.5,CARDS_AWAY UNDER.1.5,CARDS_AWAY:UNDER_1_5,40.6%,0.406000,,,,,,,Sin cuota/EV,No encontrado en Betano,Baja,contexto premium torneo actual,usa promedios del contexto premium/API-Football,depende mucho del arbitro y del contexto competitivo,
2026-09-03,18:00,Gremio vs Internacional,,,Local corners +4.5,CORNERS_HOME OVER.4.5,CORNERS_HOME:OVER_4_5,39.1%,0.390700,,,,,,,Sin cuota/EV,No encontrado en Betano,Baja,contexto premium torneo actual,usa promedios del contexto premium/API-Football,el volumen ofensivo puede variar por planteamiento y marcador temprano,
2026-09-03,18:00,Gremio vs Internacional,,,Corners total +8.5,CORNERS_TOTALS OVER.8.5,CORNERS_TOTALS:OVER_8_5,38.0%,0.379600,,,,,,,Sin cuota/EV,No encontrado en Betano,Baja,contexto premium torneo actual,usa promedios del contexto premium/API-Football,el volumen ofensivo puede variar por planteamiento y marcador temprano,
2026-09-03,18:00,Gremio vs Internacional,William Hill,,Goles +2.5,TOTALS OVER.2.5,TOTALS:OVER_2_5,37.6%,0.376200,5.00,0.88,0.881000,,,,EV positivo,No encontrado en Betano,Baja,torneo actual,usa Poisson base con estadisticas de goles del torneo,un gol temprano o baja eficacia puede cambiar la lectura del mercado,
2026-09-03,18:00,Gremio vs Internacional,,,Local goles +1.5,TEAM_TOTAL_HOME OVER.1.5,TEAM_TOTAL_HOME:OVER_1_5,37.2%,0.371700,,,,,,,Sin cuota/EV,No encontrado en Betano,Baja,torneo actual,usa Poisson base con estadisticas de goles del torneo,un gol temprano o baja eficacia puede cambiar la lectura del mercado,
2026-09-03,18:00,Gremio vs Internacional,,,Tarjetas total +4.5,CARDS_TOTALS OVER.4.5,CARDS_TOTALS:OVER_4_5,37.1%,0.371200,,,,,,,Sin cuota/EV,No encontrado en Betano,Baja,contexto premium torneo actual,usa promedios del contexto premium/API-Football,depende mucho del arbitro y del contexto competitivo,
2026-09-03,18:00,Gremio vs Internacional,,,SHOTS_TOTAL OVER.26.5,SHOTS_TOTAL OVER.26.5,SHOTS_TOTAL:OVER_26_5,37.1%,0.370600,,,,,,,Sin cuota/EV,No encontrado en Betano,Baja,contexto premium torneo actual,usa promedios del contexto premium/API-Football,el volumen ofensivo puede variar por planteamiento y marcador temprano,
2026-09-03,18:00,Gremio vs Internacional,,,DNB visita,DRAW_NO_BET AWAY,DRAW_NO_BET:AWAY,36.2%,0.361700,,,,,,,Sin cuota/EV,No encontrado en Betano,Baja,torneo actual,usa Poisson base con estadisticas de goles del torneo,riesgo propio del resultado final y variacion del modelo,
2026-09-03,18:00,Gremio vs Internacional,William Hill,,Goles -1.5,TOTALS UNDER.1.5,TOTALS:UNDER_1_5,35.6%,0.355600,1.57,-0.44,-0.441800,,,,EV negativo,No encontrado en Betano,Baja,torneo actual,usa Poisson base con estadisticas de goles del torneo,un gol temprano o baja eficacia puede cambiar la lectura del mercado,
2026-09-03,18:00,Gremio vs Internacional,,,Local tarjetas +2.5,CARDS_HOME OVER.2.5,CARDS_HOME:OVER_2_5,32.3%,0.323300,,,,,,,Sin cuota/EV,No encontrado en Betano,Baja,contexto premium torneo actual,usa promedios del contexto premium/API-Football,depende mucho del arbitro y del contexto competitivo,
2026-09-03,18:00,Gremio vs Internacional,,,Visita tarjetas +2.5,CARDS_AWAY OVER.2.5,CARDS_AWAY:OVER_2_5,32.3%,0.323300,,,,,,,Sin cuota/EV,No encontrado en Betano,Baja,contexto premium torneo actual,usa promedios del contexto premium/API-Football,depende mucho del arbitro y del contexto competitivo,
2026-09-03,18:00,Gremio vs Internacional,,,SHOTS_TOTAL UNDER.22.5,SHOTS_TOTAL UNDER.22.5,SHOTS_TOTAL:UNDER_22_5,31.8%,0.317500,,,,,,,Sin cuota/EV,No encontrado en Betano,Baja,contexto premium torneo actual,usa promedios del contexto premium/API-Football,el volumen ofensivo puede variar por planteamiento y marcador temprano,
2026-09-03,18:00,Gremio vs Internacional,,,Visita corners +4.5,CORNERS_AWAY OVER.4.5,CORNERS_AWAY:OVER_4_5,31.3%,0.312800,,,,,,,Sin cuota/EV,No encontrado en Betano,Baja,contexto premium torneo actual,usa promedios del contexto premium/API-Football,el volumen ofensivo puede variar por planteamiento y marcador temprano,
2026-09-03,18:00,Gremio vs Internacional,William Hill,,Empate,1X2 DRAW,1X2:DRAW,28.4%,0.284100,2.10,-0.40,-0.403300,,,,EV negativo,No encontrado en Betano,Baja,torneo actual,usa Poisson base con estadisticas de goles del torneo,riesgo propio del resultado final y variacion del modelo,
2026-09-03,18:00,Gremio vs Internacional,,,SHOTS_ON_TARGET_TOTAL OVER.7.5,SHOTS_ON_TARGET_TOTAL OVER.7.5,SHOTS_ON_TARGET_TOTAL:OVER_7_5,28.4%,0.284000,,,,,,,Sin cuota/EV,No encontrado en Betano,Baja,contexto premium torneo actual,usa promedios del contexto premium/API-Football,el volumen ofensivo puede variar por planteamiento y marcador temprano,
2026-09-03,18:00,Gremio vs Internacional,,,Local goles -0.5,TEAM_TOTAL_HOME UNDER.0.5,TEAM_TOTAL_HOME:UNDER_0_5,27.4%,0.273600,,,,,,,Sin cuota/EV,No encontrado en Betano,Baja,torneo actual,usa Poisson base con estadisticas de goles del torneo,un gol temprano o baja eficacia puede cambiar la lectura del mercado,
2026-09-03,18:00,Gremio vs Internacional,William Hill,,Gana visita,1X2 AWAY,1X2:AWAY,25.9%,0.258900,2.80,-0.28,-0.275000,,,,EV negativo,No encontrado en Betano,Baja,torneo actual,usa Poisson base con estadisticas de goles del torneo,riesgo propio del resultado final y variacion del modelo,
2026-09-03,18:00,Gremio vs Internacional,,,Corners total +9.5,CORNERS_TOTALS OVER.9.5,CORNERS_TOTALS:OVER_9_5,25.9%,0.258900,,,,,,,Sin cuota/EV,No encontrado en Betano,Baja,contexto premium torneo actual,usa promedios del contexto premium/API-Football,el volumen ofensivo puede variar por planteamiento y marcador temprano,
2026-09-03,18:00,Gremio vs Internacional,,,Tarjetas total -2.5,CARDS_TOTALS UNDER.2.5,CARDS_TOTALS:UNDER_2_5,23.8%,0.238100,,,,,,,Sin cuota/EV,No encontrado en Betano,Baja,contexto premium torneo actual,usa promedios del contexto premium/API-Football,depende mucho del arbitro y del contexto competitivo,
2026-09-03,18:00,Gremio vs Internacional,,,Local corners +5.5,CORNERS_HOME OVER.5.5,CORNERS_HOME:OVER_5_5,23.1%,0.230700,,,,,,,Sin cuota/EV,No encontrado en Betano,Baja,contexto premium torneo actual,usa promedios del contexto premium/API-Football,el volumen ofensivo puede variar por planteamiento y marcador temprano,
2026-09-03,18:00,Gremio vs Internacional,William Hill,,1T +1.5,FIRST_HALF_TOTALS OVER.1.5,FIRST_HALF_TOTALS:OVER_1_5,22.8%,0.227500,2.90,-0.34,-0.340200,,,,EV negativo,No encontrado en Betano,Baja,contexto premium torneo actual,usa promedios del contexto premium/API-Football,el primer tiempo puede tener ritmo bajo o rotaciones,
2026-09-03,18:00,Gremio vs Internacional,,,Visita goles +1.5,TEAM_TOTAL_AWAY OVER.1.5,TEAM_TOTAL_AWAY:OVER_1_5,22.8%,0.227500,,,,,,,Sin cuota/EV,No encontrado en Betano,Baja,torneo actual,usa Poisson base con estadisticas de goles del torneo,un gol temprano o baja eficacia puede cambiar la lectura del mercado,
2026-09-03,18:00,Gremio vs Internacional,,,Tarjetas total +5.5,CARDS_TOTALS OVER.5.5,CARDS_TOTALS:OVER_5_5,21.5%,0.214900,,,,,,,Sin cuota/EV,No encontrado en Betano,Baja,contexto premium torneo actual,usa promedios del contexto premium/API-Football,depende mucho del arbitro y del contexto competitivo,
2026-09-03,18:00,Gremio vs Internacional,,,SHOTS_TOTAL UNDER.20.5,SHOTS_TOTAL UNDER.20.5,SHOTS_TOTAL:UNDER_20_5,18.6%,0.185500,,,,,,,Sin cuota/EV,No encontrado en Betano,Baja,contexto premium torneo actual,usa promedios del contexto premium/API-Football,el volumen ofensivo puede variar por planteamiento y marcador temprano,
2026-09-03,18:00,Gremio vs Internacional,William Hill,,Goles +3.5,TOTALS OVER.3.5,TOTALS:OVER_3_5,18.0%,0.179900,13.00,1.34,1.338100,,,,EV positivo,No encontrado en Betano,Baja,torneo actual,usa Poisson base con estadisticas de goles del torneo,un gol temprano o baja eficacia puede cambiar la lectura del mercado,
2026-09-03,18:00,Gremio vs Internacional,,,SHOTS_ON_TARGET_TOTAL OVER.8.5,SHOTS_ON_TARGET_TOTAL OVER.8.5,SHOTS_ON_TARGET_TOTAL:OVER_8_5,17.4%,0.174100,,,,,,,Sin cuota/EV,No encontrado en Betano,Baja,contexto premium torneo actual,usa promedios del contexto premium/API-Football,el volumen ofensivo puede variar por planteamiento y marcador temprano,
2026-09-03,18:00,Gremio vs Internacional,,,Visita corners +5.5,CORNERS_AWAY OVER.5.5,CORNERS_AWAY:OVER_5_5,17.0%,0.169900,,,,,,,Sin cuota/EV,No encontrado en Betano,Baja,contexto premium torneo actual,usa promedios del contexto premium/API-Football,el volumen ofensivo puede variar por planteamiento y marcador temprano,
2026-09-03,18:00,Gremio vs Internacional,,,Corners total +10.5,CORNERS_TOTALS OVER.10.5,CORNERS_TOTALS:OVER_10_5,16.5%,0.164800,,,,,,,Sin cuota/EV,No encontrado en Betano,Baja,contexto premium torneo actual,usa promedios del contexto premium/API-Football,el volumen ofensivo puede variar por planteamiento y marcador temprano,
2026-09-03,18:00,Gremio vs Internacional,,,Local tarjetas +3.5,CARDS_HOME OVER.3.5,CARDS_HOME:OVER_3_5,14.3%,0.142900,,,,,,,Sin cuota/EV,No encontrado en Betano,Baja,contexto premium torneo actual,usa promedios del contexto premium/API-Football,depende mucho del arbitro y del contexto competitivo,
2026-09-03,18:00,Gremio vs Internacional,,,Visita tarjetas +3.5,CARDS_AWAY OVER.3.5,CARDS_AWAY:OVER_3_5,14.3%,0.142900,,,,,,,Sin cuota/EV,No encontrado en Betano,Baja,contexto premium torneo actual,usa promedios del contexto premium/API-Football,depende mucho del arbitro y del contexto competitivo,
2026-09-03,18:00,Gremio vs Internacional,,,Local goles +2.5,TEAM_TOTAL_HOME OVER.2.5,TEAM_TOTAL_HOME:OVER_2_5,14.2%,0.142000,,,,,,,Sin cuota/EV,No encontrado en Betano,Baja,torneo actual,usa Poisson base con estadisticas de goles del torneo,un gol temprano o baja eficacia puede cambiar la lectura del mercado,
2026-09-03,18:00,Gremio vs Internacional,,,Local tarjetas -0.5,CARDS_HOME UNDER.0.5,CARDS_HOME:UNDER_0_5,13.5%,0.135300,,,,,,,Sin cuota/EV,No encontrado en Betano,Baja,contexto premium torneo actual,usa promedios del contexto premium/API-Football,depende mucho del arbitro y del contexto competitivo,
2026-09-03,18:00,Gremio vs Internacional,,,Visita tarjetas -0.5,CARDS_AWAY UNDER.0.5,CARDS_AWAY:UNDER_0_5,13.5%,0.135300,,,,,,,Sin cuota/EV,No encontrado en Betano,Baja,contexto premium torneo actual,usa promedios del contexto premium/API-Football,depende mucho del arbitro y del contexto competitivo,
2026-09-03,18:00,Gremio vs Internacional,,,Local corners +6.5,CORNERS_HOME OVER.6.5,CORNERS_HOME:OVER_6_5,12.1%,0.121400,,,,,,,Sin cuota/EV,No encontrado en Betano,Baja,contexto premium torneo actual,usa promedios del contexto premium/API-Football,el volumen ofensivo puede variar por planteamiento y marcador temprano,
2026-09-03,18:00,Gremio vs Internacional,,,Tarjetas total +6.5,CARDS_TOTALS OVER.6.5,CARDS_TOTALS:OVER_6_5,11.1%,0.110700,,,,,,,Sin cuota/EV,No encontrado en Betano,Baja,contexto premium torneo actual,usa promedios del contexto premium/API-Football,depende mucho del arbitro y del contexto competitivo,
2026-09-03,18:00,Gremio vs Internacional,,,SHOTS_ON_TARGET_TOTAL OVER.9.5,SHOTS_ON_TARGET_TOTAL OVER.9.5,SHOTS_ON_TARGET_TOTAL:OVER_9_5,9.8%,0.098400,,,,,,,Sin cuota/EV,No encontrado en Betano,Baja,contexto premium torneo actual,usa promedios del contexto premium/API-Football,el volumen ofensivo puede variar por planteamiento y marcador temprano,
2026-09-03,18:00,Gremio vs Internacional,,,Corners total +11.5,CORNERS_TOTALS OVER.11.5,CORNERS_TOTALS:OVER_11_5,9.8%,0.098000,,,,,,,Sin cuota/EV,No encontrado en Betano,Baja,contexto premium torneo actual,usa promedios del contexto premium/API-Football,el volumen ofensivo puede variar por planteamiento y marcador temprano,
2026-09-03,18:00,Gremio vs Internacional,,,SHOTS_TOTAL UNDER.18.5,SHOTS_TOTAL UNDER.18.5,SHOTS_TOTAL:UNDER_18_5,9.2%,0.092000,,,,,,,Sin cuota/EV,No encontrado en Betano,Baja,contexto premium torneo actual,usa promedios del contexto premium/API-Football,el volumen ofensivo puede variar por planteamiento y marcador temprano,
2026-09-03,18:00,Gremio vs Internacional,,,Visita corners +6.5,CORNERS_AWAY OVER.6.5,CORNERS_AWAY:OVER_6_5,8.2%,0.081800,,,,,,,Sin cuota/EV,No encontrado en Betano,Baja,contexto premium torneo actual,usa promedios del contexto premium/API-Football,el volumen ofensivo puede variar por planteamiento y marcador temprano,
2026-09-03,18:00,Gremio vs Internacional,,,Visita goles +2.5,TEAM_TOTAL_AWAY OVER.2.5,TEAM_TOTAL_AWAY:OVER_2_5,6.3%,0.062900,,,,,,,Sin cuota/EV,No encontrado en Betano,Baja,torneo actual,usa Poisson base con estadisticas de goles del torneo,un gol temprano o baja eficacia puede cambiar la lectura del mercado,
